data_source,point_id,timestamp,latitude,longitude,cumulative_displacement_mm,displacement_velocity_mm_month,displacement_acceleration,los_displacement_mm,coherence,elevation_m,slope_deg,aspect_deg,rainfall_mm,cumulative_rainfall_mm,mining_factor,distance_to_centre_deg,future_subsidence_mm,future_velocity_mm_month,rolling_mean_displacement_3m,rolling_velocity_3m,deformation_trend,rainfall_anomaly,risk_class
DEMO_SYNTHETIC,PT_000,2020-01-01,20.95,85.238554,3.33,0.0,0.0,2.831,0.692,142.4,6.19,17.7,27.2,27.2,0.563,0.02185,1.839,-1.491,3.33,0.0,0.0,-0.7067273219194898,LOW
DEMO_SYNTHETIC,PT_000,2020-01-31,20.95,85.238554,1.839,-1.491,0.0,1.563,0.786,142.4,6.19,17.7,22.0,49.2,0.563,0.02185,2.687,0.847,2.5845,-0.7455,-0.7455,-0.7560008245873963,LOW
DEMO_SYNTHETIC,PT_000,2020-03-01,20.95,85.238554,2.687,0.847,2.339,2.284,0.717,142.4,6.19,17.7,34.7,84.0,0.563,0.02185,6.029,3.343,2.6186666666666665,-0.2146666666666667,-0.2146666666666667,-0.6356597699946249,LOW
DEMO_SYNTHETIC,PT_000,2020-03-31,20.95,85.238554,6.029,3.343,2.495,5.125,0.654,142.4,6.19,17.7,32.9,116.8,0.563,0.02185,5.171,-0.859,3.518333333333333,0.8996666666666666,0.67475,-0.6527159824565927,MODERATE
DEMO_SYNTHETIC,PT_000,2020-04-30,20.95,85.238554,5.171,-0.859,-4.202,4.395,0.852,142.4,6.19,17.7,32.9,149.7,0.563,0.02185,6.24,1.069,4.629,1.1103333333333332,0.368,-0.6527159824565927,LOW
DEMO_SYNTHETIC,PT_000,2020-05-30,20.95,85.238554,6.24,1.069,1.928,5.304,0.74,142.4,6.19,17.7,23.5,173.2,0.563,0.02185,7.674,1.435,5.8133333333333335,1.1843333333333332,0.4848333333333333,-0.7417873142024233,LOW
DEMO_SYNTHETIC,PT_000,2020-06-29,20.95,85.238554,7.674,1.435,0.365,6.523,0.609,142.4,6.19,17.7,139.4,312.6,0.563,0.02185,0.004,-7.671,6.361666666666667,0.5483333333333333,0.7239999999999999,0.356443254876489,LOW
DEMO_SYNTHETIC,PT_000,2020-07-29,20.95,85.238554,0.004,-7.671,-9.105,0.003,0.69,142.4,6.19,17.7,246.6,559.1,0.563,0.02185,0.75,0.746,4.639333333333334,-1.7223333333333333,-0.306,1.3722354637225578,HIGH
DEMO_SYNTHETIC,PT_000,2020-08-28,20.95,85.238554,0.75,0.746,8.417,0.637,0.705,142.4,6.19,17.7,241.0,800.2,0.563,0.02185,0.433,-0.317,2.809333333333333,-1.83,-0.3228333333333333,1.3191716916186584,LOW
DEMO_SYNTHETIC,PT_000,2020-09-27,20.95,85.238554,0.433,-0.317,-1.063,0.368,0.772,142.4,6.19,17.7,247.4,1047.5,0.563,0.02185,-1.032,-1.465,0.3956666666666666,-2.414,-0.9328333333333332,1.3798160025945436,LOW
DEMO_SYNTHETIC,PT_000,2020-10-27,20.95,85.238554,-1.032,-1.465,-1.149,-0.877,0.743,142.4,6.19,17.7,0.3,1047.9,0.563,0.02185,8.128,9.161,0.0503333333333333,-0.3453333333333333,-1.0338333333333332,-0.9616229414900054,LOW
DEMO_SYNTHETIC,PT_000,2020-11-26,20.95,85.238554,8.128,9.161,10.626,6.909,0.859,142.4,6.19,17.7,17.3,1065.2,0.563,0.02185,6.703,-1.425,2.5096666666666665,2.4596666666666667,0.3148333333333332,-0.8005364904603116,HIGH
DEMO_SYNTHETIC,PT_000,2020-12-26,20.95,85.238554,6.703,-1.425,-10.586,5.697,0.747,142.4,6.19,17.7,25.4,1090.5,0.563,0.02185,12.283,5.58,4.599666666666667,2.090333333333333,-0.1618333333333333,-0.7237835343814576,LOW
DEMO_SYNTHETIC,PT_000,2021-01-25,20.95,85.238554,12.283,5.58,7.005,10.44,0.609,142.4,6.19,17.7,27.0,1117.6,0.563,0.02185,14.698,2.416,9.038,4.438666666666666,2.046666666666667,-0.7086224566374862,HIGH
DEMO_SYNTHETIC,PT_000,2021-02-24,20.95,85.238554,14.698,2.416,-3.164,12.494,0.714,142.4,6.19,17.7,32.9,1150.5,0.563,0.02185,11.942,-2.757,11.228,2.190333333333333,2.325,-0.6527159824565927,MODERATE
DEMO_SYNTHETIC,PT_000,2021-03-26,20.95,85.238554,11.942,-2.757,-5.173,10.15,0.495,142.4,6.19,17.7,11.1,1161.6,0.563,0.02185,16.618,4.676,12.974333333333334,1.7463333333333333,1.9183333333333328,-0.8592856667182,MODERATE
DEMO_SYNTHETIC,PT_000,2021-04-25,20.95,85.238554,16.618,4.676,7.433,14.125,0.817,142.4,6.19,17.7,49.0,1210.5,0.563,0.02185,13.312,-3.306,14.419333333333332,1.445,2.9418333333333333,-0.5001576376578826,MODERATE
DEMO_SYNTHETIC,PT_000,2021-05-25,20.95,85.238554,13.312,-3.306,-7.982,11.315,0.862,142.4,6.19,17.7,30.5,1241.1,0.563,0.02185,10.78,-2.532,13.957333333333333,-0.4623333333333333,0.864,-0.6754575990725493,MODERATE
DEMO_SYNTHETIC,PT_000,2021-06-24,20.95,85.238554,10.78,-2.532,0.774,9.163,0.792,142.4,6.19,17.7,276.1,1517.2,0.563,0.02185,15.751,4.97,13.57,-0.3873333333333333,0.6795,1.6517678346270264,MODERATE
DEMO_SYNTHETIC,PT_000,2021-07-24,20.95,85.238554,15.751,4.97,7.502,13.388,0.633,142.4,6.19,17.7,314.8,1832.0,0.563,0.02185,11.56,-4.191,13.281,-0.2893333333333334,0.5778333333333333,2.018476402559329,MODERATE
DEMO_SYNTHETIC,PT_000,2021-08-23,20.95,85.238554,11.56,-4.191,-9.161,9.826,0.623,142.4,6.19,17.7,129.5,1961.5,0.563,0.02185,11.599,0.039,12.697,-0.5843333333333334,-0.5233333333333333,0.2626340863356672,MODERATE
DEMO_SYNTHETIC,PT_000,2021-09-22,20.95,85.238554,11.599,0.039,4.23,9.859,0.625,142.4,6.19,17.7,213.7,2175.2,0.563,0.02185,14.599,3.0,12.97,0.2726666666666666,-0.0573333333333333,1.0604858026121504,LOW
DEMO_SYNTHETIC,PT_000,2021-10-22,20.95,85.238554,14.599,3.0,2.961,12.409,0.772,142.4,6.19,17.7,24.4,2199.6,0.563,0.02185,23.349,8.75,12.586,-0.384,-0.3366666666666667,-0.7332592079714395,MODERATE
DEMO_SYNTHETIC,PT_000,2021-11-21,20.95,85.238554,23.349,8.75,5.749,19.846,0.628,142.4,6.19,17.7,46.2,2245.9,0.563,0.02185,19.761,-3.587,16.515666666666664,3.9296666666666655,1.6726666666666663,-0.5266895237098321,HIGH
DEMO_SYNTHETIC,PT_000,2021-12-21,20.95,85.238554,19.761,-3.587,-12.337,16.797,0.602,142.4,6.19,17.7,49.3,2295.2,0.563,0.02185,27.129,7.368,19.23633333333333,2.721,1.4968333333333332,-0.497314935580888,MODERATE
DEMO_SYNTHETIC,PT_000,2022-01-20,20.95,85.238554,27.129,7.368,10.955,23.059,0.716,142.4,6.19,17.7,46.6,2341.8,0.563,0.02185,31.202,4.073,23.413,4.1770000000000005,1.8965000000000003,-0.5228992542738393,HIGH
DEMO_SYNTHETIC,PT_000,2022-02-19,20.95,85.238554,31.202,4.073,-3.294,26.522,0.733,142.4,6.19,17.7,56.6,2398.3,0.563,0.02185,29.517,-1.685,26.030666666666665,2.6180000000000003,3.2738333333333336,-0.4281425183740195,MODERATE
DEMO_SYNTHETIC,PT_000,2022-03-21,20.95,85.238554,29.517,-1.685,-5.758,25.09,0.785,142.4,6.19,17.7,19.4,2417.8,0.563,0.02185,32.576,3.059,29.282666666666668,3.252,2.9865,-0.7806375759213494,MODERATE
DEMO_SYNTHETIC,PT_000,2022-04-20,20.95,85.238554,32.576,3.059,4.744,27.689,0.576,142.4,6.19,17.7,5.3,2423.1,0.563,0.02185,30.128,-2.448,31.098333333333333,1.815666666666667,2.9963333333333337,-0.9142445735400954,MODERATE
DEMO_SYNTHETIC,PT_000,2022-05-20,20.95,85.238554,30.128,-2.448,-5.506,25.609,0.74,142.4,6.19,17.7,62.2,2485.3,0.563,0.02185,28.7,-1.428,30.740333333333336,-0.3579999999999999,1.13,-0.3750787462701203,MODERATE
DEMO_SYNTHETIC,PT_000,2022-06-19,20.95,85.238554,28.7,-1.428,1.02,24.395,0.618,142.4,6.19,17.7,192.8,2678.0,0.563,0.02185,32.934,4.234,30.468000000000004,-0.2723333333333332,1.4898333333333331,0.862444224581527,MODERATE
DEMO_SYNTHETIC,PT_000,2022-07-19,20.95,85.238554,32.934,4.234,5.662,27.994,0.867,142.4,6.19,17.7,299.2,2977.2,0.563,0.02185,28.59,-4.344,30.587333333333333,0.1193333333333333,0.9675,1.87065589455561,MODERATE
DEMO_SYNTHETIC,PT_000,2022-08-18,20.95,85.238554,28.59,-4.344,-8.578,24.301,0.738,142.4,6.19,17.7,289.4,3266.6,0.563,0.02185,31.312,2.722,30.07466666666667,-0.5126666666666667,-0.4353333333333333,1.7777942933737865,MODERATE
DEMO_SYNTHETIC,PT_000,2022-09-17,20.95,85.238554,31.312,2.722,7.066,26.615,0.8,142.4,6.19,17.7,333.3,3599.9,0.563,0.02185,32.384,1.073,30.94533333333333,0.8706666666666666,0.2991666666666666,2.193776363973996,MODERATE
DEMO_SYNTHETIC,PT_000,2022-10-17,20.95,85.238554,32.384,1.073,-1.649,27.527,0.76,142.4,6.19,17.7,30.1,3630.0,0.563,0.02185,36.902,4.518,30.762,-0.1830000000000001,-0.0318333333333333,-0.679247868508542,MODERATE
DEMO_SYNTHETIC,PT_000,2022-11-16,20.95,85.238554,36.902,4.518,3.445,31.367,0.699,142.4,6.19,17.7,34.5,3664.5,0.563,0.02185,37.472,0.57,33.532666666666664,2.7709999999999995,1.1291666666666669,-0.6375549047126214,MODERATE
DEMO_SYNTHETIC,PT_000,2022-12-16,20.95,85.238554,37.472,0.57,-3.948,31.851,0.635,142.4,6.19,17.7,34.4,3698.9,0.563,0.02185,43.665,6.193,35.586000000000006,2.053666666666667,1.4621666666666666,-0.6385024720716197,MODERATE
DEMO_SYNTHETIC,PT_000,2023-01-15,20.95,85.238554,43.665,6.193,5.624,37.115,0.582,142.4,6.19,17.7,53.2,3752.0,0.563,0.02185,46.348,2.683,39.34633333333333,3.760333333333333,1.7886666666666666,-0.4603598085799582,HIGH
DEMO_SYNTHETIC,PT_000,2023-02-14,20.95,85.238554,46.348,2.683,-3.51,39.396,0.635,142.4,6.19,17.7,42.0,3794.0,0.563,0.02185,45.7,-0.648,42.495,3.1486666666666667,2.959833333333333,-0.5664873527877565,HIGH
DEMO_SYNTHETIC,PT_000,2023-03-16,20.95,85.238554,45.7,-0.648,-3.331,38.845,0.803,142.4,6.19,17.7,37.0,3831.1,0.563,0.02185,44.067,-1.632,45.23766666666668,2.7426666666666666,2.3981666666666666,-0.6138657207376664,HIGH
DEMO_SYNTHETIC,PT_000,2023-04-15,20.95,85.238554,44.067,-1.632,-0.984,37.457,0.752,142.4,6.19,17.7,50.7,3881.7,0.563,0.02185,46.018,1.95,45.37166666666667,0.1343333333333333,1.9473333333333327,-0.4840489925549132,HIGH
DEMO_SYNTHETIC,PT_000,2023-05-15,20.95,85.238554,46.018,1.95,3.583,39.115,0.627,142.4,6.19,17.7,30.0,3911.7,0.563,0.02185,44.836,-1.182,45.26166666666666,-0.1099999999999999,1.5193333333333332,-0.6801954358675403,HIGH
DEMO_SYNTHETIC,PT_000,2023-06-14,20.95,85.238554,44.836,-1.182,-3.132,38.111,0.792,142.4,6.19,17.7,220.7,4132.4,0.563,0.02185,47.741,2.905,44.97366666666667,-0.2879999999999999,1.2273333333333334,1.1268155177420245,HIGH
DEMO_SYNTHETIC,PT_000,2023-07-14,20.95,85.238554,47.741,2.905,4.087,40.58,0.708,142.4,6.19,17.7,171.1,4303.5,0.563,0.02185,42.717,-5.025,46.19833333333333,1.2243333333333333,0.6793333333333332,0.6568221076789178,HIGH
DEMO_SYNTHETIC,PT_000,2023-08-13,20.95,85.238554,42.717,-5.025,-7.93,36.309,0.642,142.4,6.19,17.7,194.6,4498.2,0.563,0.02185,47.532,4.815,45.09799999999999,-1.100666666666667,-0.6053333333333334,0.8795004370434945,HIGH
DEMO_SYNTHETIC,PT_000,2023-09-12,20.95,85.238554,47.532,4.815,9.84,40.402,0.591,142.4,6.19,17.7,324.3,4822.5,0.563,0.02185,43.73,-3.802,45.99666666666667,0.8983333333333333,0.3051666666666666,2.108495301664158,HIGH
DEMO_SYNTHETIC,PT_000,2023-10-12,20.95,85.238554,43.73,-3.802,-8.617,37.171,0.625,142.4,6.19,17.7,31.1,4853.5,0.563,0.02185,42.809,-0.922,44.65966666666666,-1.3373333333333337,-0.0565,-0.6697721949185601,HIGH
DEMO_SYNTHETIC,PT_000,2023-11-11,20.95,85.238554,42.809,-0.922,2.88,36.387,0.638,142.4,6.19,17.7,32.0,4885.6,0.563,0.02185,42.809,-0.922,44.690333333333335,0.0303333333333334,-0.5351666666666668,-0.6612440886875763,HIGH
DEMO_SYNTHETIC,PT_001,2020-01-01,20.961883,85.262981,-1.007,0.0,0.0,-0.856,0.787,115.9,7.43,122.2,42.9,42.9,0.2,0.04778,0.451,1.458,-1.007,0.0,0.0,-0.5372830559244322,LOW
DEMO_SYNTHETIC,PT_001,2020-01-31,20.961883,85.262981,0.451,1.458,0.0,0.384,0.739,115.9,7.43,122.2,43.8,86.7,0.2,0.04778,4.496,4.044,-0.2779999999999999,0.729,0.729,-0.5282751667576935,LOW
DEMO_SYNTHETIC,PT_001,2020-03-01,20.961883,85.262981,4.496,4.044,2.587,3.821,0.698,115.9,7.43,122.2,42.2,129.0,0.2,0.04778,3.125,-1.37,1.3133333333333337,1.834,1.834,-0.5442891919430065,MODERATE
DEMO_SYNTHETIC,PT_001,2020-03-31,20.961883,85.262981,3.125,-1.37,-5.415,2.657,0.757,115.9,7.43,122.2,14.5,143.5,0.2,0.04778,4.363,1.237,2.6906666666666665,1.3773333333333333,1.033,-0.8215320029637404,LOW
DEMO_SYNTHETIC,PT_001,2020-04-30,20.961883,85.262981,4.363,1.237,2.608,3.708,0.689,115.9,7.43,122.2,22.7,166.2,0.2,0.04778,4.089,-0.274,3.9946666666666673,1.3036666666666663,1.0738,-0.7394601238890105,LOW
DEMO_SYNTHETIC,PT_001,2020-05-30,20.961883,85.262981,4.089,-0.274,-1.512,3.475,0.494,115.9,7.43,122.2,28.7,194.9,0.2,0.04778,-1.595,-5.684,3.859,-0.1356666666666666,0.8491666666666666,-0.6794075294440862,LOW
DEMO_SYNTHETIC,PT_001,2020-06-29,20.961883,85.262981,-1.595,-5.684,-5.409,-1.356,0.709,115.9,7.43,122.2,223.7,418.6,0.2,0.04778,-1.266,0.329,2.285666666666667,-1.5736666666666668,-0.0981666666666667,1.2723017900159534,HIGH
DEMO_SYNTHETIC,PT_001,2020-07-29,20.961883,85.262981,-1.266,0.329,6.012,-1.076,0.824,115.9,7.43,122.2,280.9,699.4,0.2,0.04778,1.055,2.321,0.4093333333333335,-1.8763333333333332,-0.2863333333333334,1.844803190390898,LOW
DEMO_SYNTHETIC,PT_001,2020-08-28,20.961883,85.262981,1.055,2.321,1.993,0.897,0.813,115.9,7.43,122.2,276.2,975.7,0.2,0.04778,-1.487,-2.542,-0.602,-1.0113333333333332,-0.5735,1.797761991409041,MODERATE
DEMO_SYNTHETIC,PT_001,2020-09-27,20.961883,85.262981,-1.487,-2.542,-4.863,-1.264,0.719,115.9,7.43,122.2,235.5,1211.2,0.2,0.04778,-0.015,1.472,-0.566,0.0360000000000001,-0.7688333333333333,1.3904052257576378,MODERATE
DEMO_SYNTHETIC,PT_001,2020-10-27,20.961883,85.262981,-0.015,1.472,4.014,-0.013,0.694,115.9,7.43,122.2,10.0,1221.2,0.2,0.04778,-2.498,-2.483,-0.149,0.4170000000000002,-0.7296666666666667,-0.8665714487974336,LOW
DEMO_SYNTHETIC,PT_001,2020-11-26,20.961883,85.262981,-2.498,-2.483,-3.955,-2.123,0.604,115.9,7.43,122.2,27.5,1248.7,0.2,0.04778,4.453,6.951,-1.3333333333333333,-1.1843333333333332,-1.0978333333333332,-0.6914180483330711,MODERATE
DEMO_SYNTHETIC,PT_001,2020-12-26,20.961883,85.262981,4.453,6.951,9.433,3.785,0.835,115.9,7.43,122.2,38.1,1286.8,0.2,0.04778,5.555,1.102,0.6466666666666668,1.98,1.0079999999999998,-0.5853251314803715,HIGH
DEMO_SYNTHETIC,PT_001,2021-01-25,20.961883,85.262981,5.555,1.102,-5.849,4.722,0.812,115.9,7.43,122.2,43.0,1329.8,0.2,0.04778,6.89,1.335,2.5033333333333334,1.856666666666667,1.1368333333333334,-0.53628217935035,LOW
DEMO_SYNTHETIC,PT_001,2021-02-24,20.961883,85.262981,6.89,1.335,0.233,5.856,0.699,115.9,7.43,122.2,37.8,1367.7,0.2,0.04778,5.985,-0.905,5.632666666666666,3.1293333333333333,0.9724999999999998,-0.5883277612026178,LOW
DEMO_SYNTHETIC,PT_001,2021-03-26,20.961883,85.262981,5.985,-0.905,-2.24,5.087,0.63,115.9,7.43,122.2,42.4,1410.1,0.2,0.04778,11.207,5.222,6.1433333333333335,0.5106666666666669,1.2453333333333332,-0.5422874387948424,LOW
DEMO_SYNTHETIC,PT_001,2021-04-25,20.961883,85.262981,11.207,5.222,6.127,9.526,0.706,115.9,7.43,122.2,20.3,1430.3,0.2,0.04778,3.331,-7.877,8.027333333333333,1.8840000000000003,1.870333333333333,-0.7634811616669803,HIGH
DEMO_SYNTHETIC,PT_001,2021-05-25,20.961883,85.262981,3.331,-7.877,-13.099,2.831,0.695,115.9,7.43,122.2,40.6,1471.0,0.2,0.04778,5.161,1.83,6.841,-1.1866666666666663,0.9713333333333332,-0.5603032171283198,HIGH
DEMO_SYNTHETIC,PT_001,2021-06-24,20.961883,85.262981,5.161,1.83,9.707,4.387,0.777,115.9,7.43,122.2,263.9,1734.8,0.2,0.04778,4.194,-0.967,6.566333333333333,-0.2749999999999994,0.1178333333333333,1.674654172796946,LOW
DEMO_SYNTHETIC,PT_001,2021-07-24,20.961883,85.262981,4.194,-0.967,-2.798,3.565,0.671,115.9,7.43,122.2,205.6,1940.4,0.2,0.04778,4.22,0.026,4.228666666666666,-2.338,-0.227,1.0911431301070984,LOW
DEMO_SYNTHETIC,PT_001,2021-08-23,20.961883,85.262981,4.22,0.026,0.993,3.587,0.959,115.9,7.43,122.2,212.7,2153.2,0.2,0.04778,4.461,0.241,4.525,0.2963333333333336,-0.4451666666666667,1.1622053668669254,LOW
DEMO_SYNTHETIC,PT_001,2021-09-22,20.961883,85.262981,4.461,0.241,0.215,3.791,0.669,115.9,7.43,122.2,141.4,2294.6,0.2,0.04778,2.45,-2.011,4.291666666666667,-0.233333333333333,-0.2541666666666667,0.4485803695464086,LOW
DEMO_SYNTHETIC,PT_001,2021-10-22,20.961883,85.262981,2.45,-2.011,-2.252,2.082,0.718,115.9,7.43,122.2,37.4,2332.0,0.2,0.04778,3.387,0.938,3.710333333333333,-0.5813333333333331,-1.459666666666667,-0.592331267498946,MODERATE
DEMO_SYNTHETIC,PT_001,2021-11-21,20.961883,85.262981,3.387,0.938,2.948,2.879,0.678,115.9,7.43,122.2,33.8,2365.8,0.2,0.04778,5.514,2.127,3.4326666666666665,-0.2773333333333331,0.0094999999999998,-0.6283628241659006,LOW
DEMO_SYNTHETIC,PT_001,2021-12-21,20.961883,85.262981,5.514,2.127,1.189,4.687,0.822,115.9,7.43,122.2,19.1,2384.9,0.2,0.04778,8.487,2.973,3.783666666666667,0.3513333333333335,0.0589999999999997,-0.7754916805559651,MODERATE
DEMO_SYNTHETIC,PT_001,2022-01-20,20.961883,85.262981,8.487,2.973,0.847,7.214,0.695,115.9,7.43,122.2,35.0,2419.8,0.2,0.04778,10.599,2.111,5.795999999999999,2.0126666666666666,0.7156666666666665,-0.6163523052769158,MODERATE
DEMO_SYNTHETIC,PT_001,2022-02-19,20.961883,85.262981,10.599,2.111,-0.862,9.009,0.745,115.9,7.43,122.2,31.6,2451.4,0.2,0.04778,13.598,2.999,8.200000000000001,2.4036666666666666,1.0631666666666664,-0.6503821087957061,MODERATE
DEMO_SYNTHETIC,PT_001,2022-03-21,20.961883,85.262981,13.598,2.999,0.888,11.558,0.714,115.9,7.43,122.2,32.9,2484.2,0.2,0.04778,16.941,3.343,10.894666666666666,2.694333333333334,1.522833333333333,-0.6373707133326393,MODERATE
DEMO_SYNTHETIC,PT_001,2022-04-20,20.961883,85.262981,16.941,3.343,0.344,14.4,0.6,115.9,7.43,122.2,12.4,2496.6,0.2,0.04778,9.703,-7.238,13.712666666666667,2.817666666666667,2.4151666666666665,-0.8425504110194639,MODERATE
DEMO_SYNTHETIC,PT_001,2022-05-20,20.961883,85.262981,9.703,-7.238,-10.581,8.247,0.72,115.9,7.43,122.2,46.4,2543.0,0.2,0.04778,10.569,0.866,13.414,-0.2986666666666666,1.0525,-0.5022523758315596,HIGH
DEMO_SYNTHETIC,PT_001,2022-06-19,20.961883,85.262981,10.569,0.866,8.104,8.983,0.747,115.9,7.43,122.2,276.0,2819.0,0.2,0.04778,9.884,-0.685,12.404333333333334,-1.0096666666666665,0.842333333333333,1.7957602382608768,LOW
DEMO_SYNTHETIC,PT_001,2022-07-19,20.961883,85.262981,9.884,-0.685,-1.551,8.401,0.683,115.9,7.43,122.2,201.5,3020.6,0.2,0.04778,11.706,1.822,10.052,-2.3523333333333336,0.2326666666666665,1.0501071905697337,LOW
DEMO_SYNTHETIC,PT_001,2022-08-18,20.961883,85.262981,11.706,1.822,2.507,9.95,0.857,115.9,7.43,122.2,267.1,3287.7,0.2,0.04778,8.659,-3.047,10.719666666666669,0.6676666666666672,0.1844999999999998,1.706682223167573,LOW
DEMO_SYNTHETIC,PT_001,2022-09-17,20.961883,85.262981,8.659,-3.047,-4.869,7.36,0.835,115.9,7.43,122.2,193.2,3480.9,0.2,0.04778,10.714,2.055,10.083,-0.6366666666666663,-0.8231666666666669,0.9670344349209216,MODERATE
DEMO_SYNTHETIC,PT_001,2022-10-17,20.961883,85.262981,10.714,2.055,5.102,9.107,0.707,115.9,7.43,122.2,18.2,3499.1,0.2,0.04778,10.027,-0.687,10.359666666666667,0.2766666666666671,-1.0378333333333336,-0.7844995697227037,MODERATE
DEMO_SYNTHETIC,PT_001,2022-11-16,20.961883,85.262981,10.027,-0.687,-2.742,8.523,0.77,115.9,7.43,122.2,28.9,3527.9,0.2,0.04778,12.438,2.411,9.8,-0.5596666666666662,0.0539999999999998,-0.6774057762959222,LOW
DEMO_SYNTHETIC,PT_001,2022-12-16,20.961883,85.262981,12.438,2.411,3.098,10.572,0.729,115.9,7.43,122.2,13.5,3541.4,0.2,0.04778,16.633,4.195,11.059666666666669,1.2596666666666672,0.3114999999999999,-0.8315407687045612,MODERATE
DEMO_SYNTHETIC,PT_001,2023-01-15,20.961883,85.262981,16.633,4.195,1.785,14.138,0.697,115.9,7.43,122.2,36.8,3578.2,0.2,0.04778,16.84,0.207,13.032666666666666,1.9730000000000008,1.1248333333333334,-0.5983365269434385,MODERATE
DEMO_SYNTHETIC,PT_001,2023-02-14,20.961883,85.262981,16.84,0.207,-3.989,14.314,0.712,115.9,7.43,122.2,5.6,3583.8,0.2,0.04778,14.529,-2.311,15.303666666666668,2.271000000000001,0.8556666666666666,-0.9106100180570448,MODERATE
DEMO_SYNTHETIC,PT_001,2023-03-16,20.961883,85.262981,14.529,-2.311,-2.518,12.35,0.729,115.9,7.43,122.2,10.1,3593.9,0.2,0.04778,17.623,3.094,16.000666666666664,0.6970000000000006,0.9783333333333332,-0.8655705722233517,MODERATE
DEMO_SYNTHETIC,PT_001,2023-04-15,20.961883,85.262981,17.623,3.094,5.405,14.98,0.665,115.9,7.43,122.2,38.2,3632.1,0.2,0.04778,13.632,-3.992,16.33066666666667,0.3300000000000005,1.1514999999999995,-0.5843242549062895,MODERATE
DEMO_SYNTHETIC,PT_001,2023-05-15,20.961883,85.262981,13.632,-3.992,-7.086,11.587,0.739,115.9,7.43,122.2,46.1,3678.2,0.2,0.04778,11.578,-2.053,15.261333333333331,-1.069666666666666,0.6006666666666666,-0.5052550055538058,MODERATE
DEMO_SYNTHETIC,PT_001,2023-06-14,20.961883,85.262981,11.578,-2.053,1.938,9.841,0.754,115.9,7.43,122.2,253.5,3931.7,0.2,0.04778,10.635,-0.943,14.277666666666669,-0.983666666666666,-0.1433333333333334,1.5705630090924108,MODERATE
DEMO_SYNTHETIC,PT_001,2023-07-14,20.961883,85.262981,10.635,-0.943,1.111,9.04,0.652,115.9,7.43,122.2,141.4,4073.0,0.2,0.04778,9.033,-1.603,11.948333333333332,-2.3293333333333326,-0.9996666666666668,0.4485803695464086,LOW
DEMO_SYNTHETIC,PT_001,2023-08-13,20.961883,85.262981,9.033,-1.603,-0.66,7.678,0.696,115.9,7.43,122.2,260.7,4333.7,0.2,0.04778,14.421,5.389,10.415333333333336,-1.5329999999999997,-1.3013333333333337,1.64262612242632,LOW
DEMO_SYNTHETIC,PT_001,2023-09-12,20.961883,85.262981,14.421,5.389,6.992,12.258,0.553,115.9,7.43,122.2,263.0,4596.7,0.2,0.04778,9.803,-4.618,11.363,0.9476666666666675,-0.018,1.6656462836302075,HIGH
DEMO_SYNTHETIC,PT_001,2023-10-12,20.961883,85.262981,9.803,-4.618,-10.007,8.333,0.65,115.9,7.43,122.2,20.5,4617.2,0.2,0.04778,12.758,2.955,11.085666666666668,-0.2773333333333325,-1.3033333333333337,-0.7614794085188161,MODERATE
DEMO_SYNTHETIC,PT_001,2023-11-11,20.961883,85.262981,12.758,2.955,7.573,10.844,0.634,115.9,7.43,122.2,18.6,4635.7,0.2,0.04778,12.758,2.955,12.327333333333334,1.2420000000000009,-0.1455,-0.7804960634263755,MODERATE
DEMO_SYNTHETIC,PT_002,2020-01-01,20.968278,85.249947,0.264,0.0,0.0,0.225,0.764,95.3,3.63,204.2,59.6,59.6,0.241,0.03794,3.337,3.073,0.264,0.0,0.0,-0.4271295000079091,LOW
DEMO_SYNTHETIC,PT_002,2020-01-31,20.968278,85.249947,3.337,3.073,0.0,2.836,0.844,95.3,3.63,204.2,31.0,90.6,0.241,0.03794,4.116,0.779,1.8005,1.5365,1.5365,-0.6695987460116546,MODERATE
DEMO_SYNTHETIC,PT_002,2020-03-01,20.968278,85.249947,4.116,0.779,-2.293,3.499,0.827,95.3,3.63,204.2,16.5,107.1,0.241,0.03794,5.101,0.984,2.5723333333333334,1.284,1.284,-0.7925289581464207,LOW
DEMO_SYNTHETIC,PT_002,2020-03-31,20.968278,85.249947,5.101,0.984,0.205,4.336,0.679,95.3,3.63,204.2,17.4,124.5,0.241,0.03794,1.09,-4.011,4.184666666666666,1.612,1.209,-0.7848988070484008,LOW
DEMO_SYNTHETIC,PT_002,2020-04-30,20.968278,85.249947,1.09,-4.011,-4.995,0.926,0.713,95.3,3.63,204.2,37.2,161.7,0.241,0.03794,4.752,3.662,3.435666666666666,-0.7493333333333333,0.165,-0.6170354828919614,MODERATE
DEMO_SYNTHETIC,PT_002,2020-05-30,20.968278,85.249947,4.752,3.662,7.673,4.039,0.832,95.3,3.63,204.2,35.3,197.0,0.241,0.03794,0.367,-4.385,3.6476666666666655,0.2116666666666667,0.7478333333333333,-0.6331435796544481,MODERATE
DEMO_SYNTHETIC,PT_002,2020-06-29,20.968278,85.249947,0.367,-4.385,-8.047,0.312,0.759,95.3,3.63,204.2,320.5,517.5,0.241,0.03794,1.539,1.172,2.0696666666666665,-1.578,0.017,1.7847665238514332,MODERATE
DEMO_SYNTHETIC,PT_002,2020-07-29,20.968278,85.249947,1.539,1.172,5.557,1.308,0.645,95.3,3.63,204.2,322.4,839.9,0.241,0.03794,2.27,0.731,2.219333333333333,0.1496666666666667,-0.2998333333333333,1.8008746206139197,LOW
DEMO_SYNTHETIC,PT_002,2020-08-28,20.968278,85.249947,2.27,0.731,-0.441,1.93,0.697,95.3,3.63,204.2,277.0,1116.9,0.241,0.03794,-1.245,-3.515,1.392,-0.8273333333333334,-0.3078333333333333,1.415975887447135,LOW
DEMO_SYNTHETIC,PT_002,2020-09-27,20.968278,85.249947,-1.245,-3.515,-4.247,-1.058,0.76,95.3,3.63,204.2,334.0,1450.9,0.241,0.03794,-1.507,-0.262,0.8546666666666667,-0.5373333333333336,-1.0576666666666668,1.8992187903217328,MODERATE
DEMO_SYNTHETIC,PT_002,2020-10-27,20.968278,85.249947,-1.507,-0.262,3.253,-1.281,0.822,95.3,3.63,204.2,10.5,1461.3,0.241,0.03794,4.086,5.593,-0.1606666666666666,-1.0153333333333336,-0.4328333333333333,-0.8433966321332204,LOW
DEMO_SYNTHETIC,PT_002,2020-11-26,20.968278,85.249947,4.086,5.593,5.855,3.473,0.715,95.3,3.63,204.2,16.4,1477.7,0.241,0.03794,-0.798,-4.884,0.4446666666666668,0.6053333333333332,-0.111,-0.7933767527128673,HIGH
DEMO_SYNTHETIC,PT_002,2020-12-26,20.968278,85.249947,-0.798,-4.884,-10.478,-0.678,0.714,95.3,3.63,204.2,44.5,1522.2,0.241,0.03794,3.356,4.153,0.5936666666666669,0.1489999999999997,-0.1941666666666668,-0.5551464795413551,MODERATE
DEMO_SYNTHETIC,PT_002,2021-01-25,20.968278,85.249947,3.356,4.153,9.038,2.852,0.612,95.3,3.63,204.2,32.8,1555.0,0.241,0.03794,8.135,4.78,2.2146666666666666,1.620666666666666,0.3026666666666665,-0.6543384438156147,MODERATE
DEMO_SYNTHETIC,PT_002,2021-02-24,20.968278,85.249947,8.135,4.78,0.626,6.915,0.728,95.3,3.63,204.2,45.7,1600.7,0.241,0.03794,4.028,-4.107,3.5643333333333334,1.3496666666666666,0.9774999999999996,-0.5449729447439952,MODERATE
DEMO_SYNTHETIC,PT_002,2021-03-26,20.968278,85.249947,4.028,-4.107,-8.887,3.424,0.859,95.3,3.63,204.2,22.5,1623.2,0.241,0.03794,7.074,3.046,5.172999999999999,1.6086666666666665,0.8788333333333332,-0.7416612841596208,MODERATE
DEMO_SYNTHETIC,PT_002,2021-04-25,20.968278,85.249947,7.074,3.046,7.154,6.013,0.735,95.3,3.63,204.2,12.1,1635.3,0.241,0.03794,8.69,1.615,6.412333333333333,1.2396666666666667,1.4301666666666666,-0.8298319190700738,MODERATE
DEMO_SYNTHETIC,PT_002,2021-05-25,20.968278,85.249947,8.69,1.615,-1.431,7.386,0.694,95.3,3.63,204.2,33.2,1668.5,0.241,0.03794,7.545,-1.145,6.597333333333334,0.1846666666666665,0.7671666666666664,-0.650947265549828,LOW
DEMO_SYNTHETIC,PT_002,2021-06-24,20.968278,85.249947,7.545,-1.145,-2.76,6.413,0.735,95.3,3.63,204.2,236.8,1905.2,0.241,0.03794,5.799,-1.745,7.769666666666667,1.172,1.3903333333333332,1.0751624717355768,LOW
DEMO_SYNTHETIC,PT_002,2021-07-24,20.968278,85.249947,5.799,-1.745,-0.6,4.929,0.643,95.3,3.63,204.2,298.7,2204.0,0.241,0.03794,0.737,-5.063,7.344666666666666,-0.4250000000000001,0.4073333333333333,1.5999473083660607,LOW
DEMO_SYNTHETIC,PT_002,2021-08-23,20.968278,85.249947,0.737,-5.063,-3.317,0.626,0.629,95.3,3.63,204.2,289.9,2493.9,0.241,0.03794,0.26,-0.477,4.693666666666667,-2.651,-1.2331666666666667,1.5253413865187542,HIGH
DEMO_SYNTHETIC,PT_002,2021-09-22,20.968278,85.249947,0.26,-0.477,4.586,0.221,0.747,95.3,3.63,204.2,208.9,2702.7,0.241,0.03794,5.596,5.336,2.265333333333334,-2.428333333333333,-0.6281666666666667,0.8386277876969579,LOW
DEMO_SYNTHETIC,PT_002,2021-10-22,20.968278,85.249947,5.596,5.336,5.813,4.757,0.659,95.3,3.63,204.2,24.6,2727.3,0.241,0.03794,5.866,0.27,2.197666666666667,-0.0679999999999999,-0.2464999999999998,-0.7238575982642409,HIGH
DEMO_SYNTHETIC,PT_002,2021-11-21,20.968278,85.249947,5.866,0.27,-5.066,4.986,0.686,95.3,3.63,204.2,24.2,2751.5,0.241,0.03794,7.583,1.717,3.9073333333333338,1.7096666666666664,-0.4706666666666665,-0.7272487765300276,LOW
DEMO_SYNTHETIC,PT_002,2021-12-21,20.968278,85.249947,7.583,1.717,1.446,6.445,0.869,95.3,3.63,204.2,36.8,2788.2,0.241,0.03794,10.508,2.926,6.348333333333334,2.4410000000000003,0.0063333333333334,-0.6204266611577481,LOW
DEMO_SYNTHETIC,PT_002,2022-01-20,20.968278,85.249947,10.508,2.926,1.209,8.932,0.73,95.3,3.63,204.2,23.8,2812.0,0.241,0.03794,15.858,5.35,7.985666666666667,1.6376666666666668,0.7848333333333336,-0.7306399547958142,MODERATE
DEMO_SYNTHETIC,PT_002,2022-02-19,20.968278,85.249947,15.858,5.35,2.424,13.479,0.595,95.3,3.63,204.2,21.8,2833.7,0.241,0.03794,12.914,-2.944,11.316333333333333,3.331,2.5203333333333338,-0.7475958461247475,HIGH
DEMO_SYNTHETIC,PT_002,2022-03-21,20.968278,85.249947,12.914,-2.944,-8.294,10.977,0.731,95.3,3.63,204.2,26.7,2860.5,0.241,0.03794,14.02,1.106,13.093333333333334,1.7773333333333332,2.109166666666667,-0.7060539123688611,MODERATE
DEMO_SYNTHETIC,PT_002,2022-04-20,20.968278,85.249947,14.02,1.106,4.05,11.917,0.712,95.3,3.63,204.2,27.9,2888.4,0.241,0.03794,14.504,0.483,14.264,1.1706666666666663,1.4041666666666668,-0.6958803775715011,LOW
DEMO_SYNTHETIC,PT_002,2022-05-20,20.968278,85.249947,14.504,0.483,-0.623,12.328,0.769,95.3,3.63,204.2,30.5,2918.9,0.241,0.03794,10.56,-3.944,13.812666666666669,-0.4516666666666666,1.4396666666666669,-0.6738377188438879,LOW
DEMO_SYNTHETIC,PT_002,2022-06-19,20.968278,85.249947,10.56,-3.944,-4.428,8.976,0.502,95.3,3.63,204.2,274.9,3193.8,0.241,0.03794,12.093,1.533,13.028,-0.785,0.4961666666666668,1.398172201551755,MODERATE
DEMO_SYNTHETIC,PT_002,2022-07-19,20.968278,85.249947,12.093,1.533,5.477,10.279,0.607,95.3,3.63,204.2,190.2,3384.0,0.241,0.03794,9.121,-2.972,12.385666666666667,-0.6426666666666668,0.264,0.6800902037714318,LOW
DEMO_SYNTHETIC,PT_002,2022-08-18,20.968278,85.249947,9.121,-2.972,-4.505,7.753,0.838,95.3,3.63,204.2,268.0,3651.9,0.241,0.03794,12.196,3.075,10.591333333333337,-1.7943333333333331,-1.123,1.3396743764669354,MODERATE
DEMO_SYNTHETIC,PT_002,2022-09-17,20.968278,85.249947,12.196,3.075,6.047,10.367,0.885,95.3,3.63,204.2,281.0,3933.0,0.241,0.03794,11.899,-0.297,11.136666666666668,0.5453333333333333,-0.1198333333333331,1.4498876701050014,MODERATE
DEMO_SYNTHETIC,PT_002,2022-10-17,20.968278,85.249947,11.899,-0.297,-3.372,10.114,0.665,95.3,3.63,204.2,9.2,3942.2,0.241,0.03794,10.54,-1.359,11.072,-0.0646666666666666,-0.3536666666666665,-0.854417961497027,LOW
DEMO_SYNTHETIC,PT_002,2022-11-16,20.968278,85.249947,10.54,-1.359,-1.063,8.959,0.81,95.3,3.63,204.2,38.6,3980.8,0.241,0.03794,14.627,4.087,11.545,0.473,-0.6606666666666665,-0.6051663589617081,LOW
DEMO_SYNTHETIC,PT_002,2022-12-16,20.968278,85.249947,14.627,4.087,5.446,12.433,0.806,95.3,3.63,204.2,48.7,4029.5,0.241,0.03794,18.072,3.445,12.355333333333334,0.8103333333333332,0.6778333333333334,-0.5195391077505953,MODERATE
DEMO_SYNTHETIC,PT_002,2023-01-15,20.968278,85.249947,18.072,3.445,-0.641,15.361,0.651,95.3,3.63,204.2,20.1,4049.6,0.241,0.03794,18.911,0.839,14.412999999999998,2.0576666666666665,0.9965,-0.7620083537543407,MODERATE
DEMO_SYNTHETIC,PT_002,2023-02-14,20.968278,85.249947,18.911,0.839,-2.607,16.074,0.846,95.3,3.63,204.2,30.3,4079.9,0.241,0.03794,19.487,0.576,17.203333333333333,2.790333333333333,1.6316666666666668,-0.6755333079767812,MODERATE
DEMO_SYNTHETIC,PT_002,2023-03-16,20.968278,85.249947,19.487,0.576,-0.263,16.564,0.692,95.3,3.63,204.2,24.4,4104.4,0.241,0.03794,19.383,-0.104,18.82333333333333,1.62,1.2151666666666665,-0.7255531873971344,MODERATE
DEMO_SYNTHETIC,PT_002,2023-04-15,20.968278,85.249947,19.383,-0.104,-0.679,16.475,0.665,95.3,3.63,204.2,43.5,4147.8,0.241,0.03794,16.305,-3.078,19.26033333333333,0.437,1.2473333333333334,-0.5636244252058218,MODERATE
DEMO_SYNTHETIC,PT_002,2023-05-15,20.968278,85.249947,16.305,-3.078,-2.974,13.859,0.751,95.3,3.63,204.2,56.1,4203.9,0.241,0.03794,12.113,-4.192,18.391666666666666,-0.8686666666666666,0.9608333333333334,-0.4568023098335423,MODERATE
DEMO_SYNTHETIC,PT_002,2023-06-14,20.968278,85.249947,12.113,-4.192,-1.115,10.296,0.728,95.3,3.63,204.2,242.1,4446.1,0.241,0.03794,15.534,3.42,15.933666666666667,-2.458,-0.4189999999999999,1.1200955837572495,MODERATE
DEMO_SYNTHETIC,PT_002,2023-07-14,20.968278,85.249947,15.534,3.42,7.613,13.203,0.633,95.3,3.63,204.2,332.3,4778.4,0.241,0.03794,15.586,0.053,14.650666666666666,-1.2833333333333334,-0.4231666666666666,1.8848062826921397,MODERATE
DEMO_SYNTHETIC,PT_002,2023-08-13,20.968278,85.249947,15.586,0.053,-3.368,13.248,0.59,95.3,3.63,204.2,257.1,5035.5,0.241,0.03794,13.332,-2.254,14.411,-0.2396666666666669,-0.5541666666666666,1.2472647687242493,MODERATE
DEMO_SYNTHETIC,PT_002,2023-09-12,20.968278,85.249947,13.332,-2.254,-2.307,11.332,0.706,95.3,3.63,204.2,187.9,5223.4,0.241,0.03794,15.393,2.061,14.817333333333332,0.4063333333333331,-1.0258333333333332,0.6605909287431587,MODERATE
DEMO_SYNTHETIC,PT_002,2023-10-12,20.968278,85.249947,15.393,2.061,4.316,13.084,0.745,95.3,3.63,204.2,36.8,5260.2,0.241,0.03794,19.298,3.904,14.770333333333337,-0.0466666666666668,-0.6649999999999999,-0.6204266611577481,MODERATE
DEMO_SYNTHETIC,PT_002,2023-11-11,20.968278,85.249947,19.298,3.904,1.843,16.403,0.704,95.3,3.63,204.2,18.7,5278.9,0.241,0.03794,19.298,3.904,16.007666666666665,1.237,0.4986666666666667,-0.773877477684594,MODERATE
DEMO_SYNTHETIC,PT_003,2020-01-01,20.971864,85.239983,1.192,0.0,0.0,1.013,0.692,110.1,8.38,311.6,33.3,33.3,0.361,0.03194,1.344,0.153,1.192,0.0,0.0,-0.6927063161218462,LOW
DEMO_SYNTHETIC,PT_003,2020-01-31,20.971864,85.239983,1.344,0.153,0.0,1.143,0.846,110.1,8.38,311.6,23.7,57.0,0.361,0.03194,1.3,-0.044,1.268,0.0765,0.0765,-0.7843801351485117,LOW
DEMO_SYNTHETIC,PT_003,2020-03-01,20.971864,85.239983,1.3,-0.044,-0.197,1.105,0.705,110.1,8.38,311.6,35.6,92.6,0.361,0.03194,6.07,4.77,1.2786666666666668,0.0363333333333333,0.0363333333333333,-0.6707427969800409,LOW
DEMO_SYNTHETIC,PT_003,2020-03-31,20.971864,85.239983,6.07,4.77,4.814,5.159,0.669,110.1,8.38,311.6,53.5,146.0,0.361,0.03194,3.562,-2.508,2.904666666666667,1.6263333333333332,1.21975,-0.4998093219199041,MODERATE
DEMO_SYNTHETIC,PT_003,2020-04-30,20.971864,85.239983,3.562,-2.508,-7.277,3.028,0.599,110.1,8.38,311.6,11.3,157.3,0.361,0.03194,1.666,-1.896,3.644,0.7393333333333333,0.4741999999999999,-0.902792151391288,MODERATE
DEMO_SYNTHETIC,PT_003,2020-05-30,20.971864,85.239983,1.666,-1.896,0.611,1.416,0.853,110.1,8.38,311.6,34.3,191.6,0.361,0.03194,0.002,-1.664,3.766,0.1219999999999998,0.0791666666666666,-0.6831569599732352,LOW
DEMO_SYNTHETIC,PT_003,2020-06-29,20.971864,85.239983,0.002,-1.664,0.232,0.002,0.782,110.1,8.38,311.6,249.8,441.4,0.361,0.03194,3.358,3.355,1.7433333333333332,-2.0226666666666664,-0.1981666666666667,1.3747292900524335,LOW
DEMO_SYNTHETIC,PT_003,2020-07-29,20.971864,85.239983,3.358,3.355,5.019,2.854,0.647,110.1,8.38,311.6,175.7,617.2,0.361,0.03194,3.738,0.38,1.6753333333333331,-0.0683333333333333,0.3354999999999999,0.667121999440359,MODERATE
DEMO_SYNTHETIC,PT_003,2020-08-28,20.971864,85.239983,3.738,0.38,-2.975,3.177,0.818,110.1,8.38,311.6,284.8,901.9,0.361,0.03194,-0.46,-4.198,2.366,0.6903333333333332,0.4061666666666665,1.7089567552538183,LOW
DEMO_SYNTHETIC,PT_003,2020-09-27,20.971864,85.239983,-0.46,-4.198,-4.578,-0.391,0.702,110.1,8.38,311.6,190.3,1092.2,0.361,0.03194,-2.462,-2.002,2.212,-0.1543333333333336,-1.0885,0.8065425992100798,MODERATE
DEMO_SYNTHETIC,PT_003,2020-10-27,20.971864,85.239983,-2.462,-2.002,2.196,-2.093,0.826,110.1,8.38,311.6,53.7,1145.9,0.361,0.03194,3.727,6.189,0.2719999999999999,-1.94,-1.0041666666666669,-0.4978994506901819,MODERATE
DEMO_SYNTHETIC,PT_003,2020-11-26,20.971864,85.239983,3.727,6.189,8.191,3.168,0.732,110.1,8.38,311.6,30.8,1176.7,0.361,0.03194,3.105,-0.622,0.2683333333333332,-0.0036666666666667,0.3433333333333332,-0.7165797064933737,HIGH
DEMO_SYNTHETIC,PT_003,2020-12-26,20.971864,85.239983,3.105,-0.622,-6.811,2.639,0.75,110.1,8.38,311.6,46.8,1223.5,0.361,0.03194,4.49,1.385,1.4566666666666663,1.1883333333333337,0.5169999999999999,-0.5637900081155978,LOW
DEMO_SYNTHETIC,PT_003,2021-01-25,20.971864,85.239983,4.49,1.385,2.007,3.816,0.6,110.1,8.38,311.6,0.0,1223.5,0.361,0.03194,8.645,4.156,3.774,2.317333333333333,0.1886666666666666,-1.010699875870592,LOW
DEMO_SYNTHETIC,PT_003,2021-02-24,20.971864,85.239983,8.645,4.156,2.771,7.349,0.656,110.1,8.38,311.6,50.4,1273.8,0.361,0.03194,9.674,1.028,5.413333333333333,1.6396666666666666,0.818,-0.5294123259805982,MODERATE
DEMO_SYNTHETIC,PT_003,2021-03-26,20.971864,85.239983,9.674,1.028,-3.127,8.223,0.78,110.1,8.38,311.6,32.9,1306.7,0.361,0.03194,7.957,-1.717,7.602999999999999,2.189666666666666,1.689,-0.6965260585812905,LOW
DEMO_SYNTHETIC,PT_003,2021-04-25,20.971864,85.239983,7.957,-1.717,-2.745,6.763,0.794,110.1,8.38,311.6,47.0,1353.7,0.361,0.03194,5.348,-2.609,8.758666666666665,1.1556666666666666,1.7364999999999997,-0.5618801368858756,LOW
DEMO_SYNTHETIC,PT_003,2021-05-25,20.971864,85.239983,5.348,-2.609,-0.892,4.546,0.774,110.1,8.38,311.6,15.4,1369.1,0.361,0.03194,5.007,-0.342,7.659666666666666,-1.0993333333333333,0.2701666666666666,-0.8636397911819829,MODERATE
DEMO_SYNTHETIC,PT_003,2021-06-24,20.971864,85.239983,5.007,-0.342,2.267,4.256,0.859,110.1,8.38,311.6,302.3,1671.4,0.361,0.03194,4.427,-0.58,6.103999999999999,-1.556,0.3168333333333332,1.8760704878545107,LOW
DEMO_SYNTHETIC,PT_003,2021-07-24,20.971864,85.239983,4.427,-0.58,-0.238,3.763,0.702,110.1,8.38,311.6,262.1,1933.5,0.361,0.03194,7.178,2.751,4.9273333333333325,-1.1769999999999998,-0.0106666666666667,1.492186370680349,LOW
DEMO_SYNTHETIC,PT_003,2021-08-23,20.971864,85.239983,7.178,2.751,3.331,6.101,0.645,110.1,8.38,311.6,178.1,2111.6,0.361,0.03194,7.989,0.811,5.537333333333333,0.6096666666666666,-0.2448333333333333,0.6900404541970254,MODERATE
DEMO_SYNTHETIC,PT_003,2021-09-22,20.971864,85.239983,7.989,0.811,-1.941,6.791,0.841,110.1,8.38,311.6,274.4,2386.0,0.361,0.03194,7.595,-0.394,6.5313333333333325,0.994,-0.2809999999999999,1.6096434513082638,LOW
DEMO_SYNTHETIC,PT_003,2021-10-22,20.971864,85.239983,7.595,-0.394,-1.204,6.456,0.615,110.1,8.38,311.6,41.3,2427.2,0.361,0.03194,9.506,1.911,7.587333333333333,1.0559999999999998,-0.0604999999999999,-0.6163114669329582,LOW
DEMO_SYNTHETIC,PT_003,2021-11-21,20.971864,85.239983,9.506,1.911,2.304,8.08,0.627,110.1,8.38,311.6,28.1,2455.4,0.361,0.03194,10.035,0.528,8.363333333333332,0.7760000000000001,0.6928333333333333,-0.7423629680946233,LOW
DEMO_SYNTHETIC,PT_003,2021-12-21,20.971864,85.239983,10.035,0.528,-1.383,8.53,0.804,110.1,8.38,311.6,56.9,2512.3,0.361,0.03194,13.064,3.029,9.045333333333334,0.6816666666666666,0.8378333333333333,-0.4673415110146267,LOW
DEMO_SYNTHETIC,PT_003,2022-01-20,20.971864,85.239983,13.064,3.029,2.501,11.105,0.815,110.1,8.38,311.6,14.2,2526.4,0.361,0.03194,11.778,-1.287,10.868333333333332,1.8226666666666669,1.4393333333333331,-0.875099018560316,MODERATE
DEMO_SYNTHETIC,PT_003,2022-02-19,20.971864,85.239983,11.778,-1.287,-4.316,10.011,0.646,110.1,8.38,311.6,31.3,2557.8,0.361,0.03194,20.017,8.239,11.625666666666666,0.7566666666666665,0.7663333333333334,-0.7118050284190681,LOW
DEMO_SYNTHETIC,PT_003,2022-03-21,20.971864,85.239983,20.017,8.239,9.526,17.014,0.639,110.1,8.38,311.6,15.7,2573.5,0.361,0.03194,13.079,-6.938,14.952999999999998,3.327,2.0043333333333337,-0.8607749843373995,HIGH
DEMO_SYNTHETIC,PT_003,2022-04-20,20.971864,85.239983,13.079,-6.938,-15.177,11.117,0.761,110.1,8.38,311.6,44.8,2618.3,0.361,0.03194,15.499,2.42,14.957999999999998,0.0046666666666667,0.913666666666667,-0.5828887204128198,HIGH
DEMO_SYNTHETIC,PT_003,2022-05-20,20.971864,85.239983,15.499,2.42,9.358,13.174,0.678,110.1,8.38,311.6,43.6,2662.0,0.361,0.03194,17.839,2.34,16.198333333333334,1.2403333333333333,0.9985000000000004,-0.5943479477911529,MODERATE
DEMO_SYNTHETIC,PT_003,2022-06-19,20.971864,85.239983,17.839,2.34,-0.079,15.163,0.901,110.1,8.38,311.6,306.9,2968.8,0.361,0.03194,14.479,-3.36,15.472333333333331,-0.7260000000000003,1.3005000000000002,1.919997526138121,MODERATE
DEMO_SYNTHETIC,PT_003,2022-07-19,20.971864,85.239983,14.479,-3.36,-5.701,12.307,0.778,110.1,8.38,311.6,199.4,3168.3,0.361,0.03194,15.003,0.524,15.938999999999998,0.4666666666666663,0.235666666666667,0.8934417401624397,MODERATE
DEMO_SYNTHETIC,PT_003,2022-08-18,20.971864,85.239983,15.003,0.524,3.884,12.752,0.771,110.1,8.38,311.6,242.4,3410.7,0.361,0.03194,16.04,1.037,15.773666666666664,-0.1653333333333336,0.5375000000000003,1.3040640545527122,MODERATE
DEMO_SYNTHETIC,PT_003,2022-09-17,20.971864,85.239983,16.04,1.037,0.514,13.634,0.661,110.1,8.38,311.6,210.1,3620.8,0.361,0.03194,16.952,0.912,15.173999999999998,-0.5996666666666669,-0.6628333333333333,0.9956198509525772,MODERATE
DEMO_SYNTHETIC,PT_003,2022-10-17,20.971864,85.239983,16.952,0.912,-0.125,14.409,0.829,110.1,8.38,311.6,28.6,3649.3,0.361,0.03194,16.104,-0.848,15.99833333333333,0.824333333333333,0.6455000000000001,-0.7375882900203179,MODERATE
DEMO_SYNTHETIC,PT_003,2022-11-16,20.971864,85.239983,16.104,-0.848,-1.761,13.688,0.858,110.1,8.38,311.6,29.7,3679.0,0.361,0.03194,20.478,4.374,16.36533333333333,0.3669999999999997,0.1008333333333334,-0.7270839982568457,MODERATE
DEMO_SYNTHETIC,PT_003,2022-12-16,20.971864,85.239983,20.478,4.374,5.222,17.406,0.696,110.1,8.38,311.6,62.6,3741.6,0.361,0.03194,22.18,1.703,17.844666666666665,1.479333333333333,0.4398333333333333,-0.412910180967544,MODERATE
DEMO_SYNTHETIC,PT_003,2023-01-15,20.971864,85.239983,22.18,1.703,-2.671,18.853,0.839,110.1,8.38,311.6,28.4,3770.0,0.361,0.03194,25.483,3.302,19.587333333333333,1.7429999999999997,1.2836666666666667,-0.73949816125004,MODERATE
DEMO_SYNTHETIC,PT_003,2023-02-14,20.971864,85.239983,25.483,3.302,1.599,21.66,0.863,110.1,8.38,311.6,10.4,3780.4,0.361,0.03194,23.934,-1.549,22.713666666666665,3.1263333333333327,1.7466666666666668,-0.9113865719250378,MODERATE
DEMO_SYNTHETIC,PT_003,2023-03-16,20.971864,85.239983,23.934,-1.549,-4.851,20.344,0.796,110.1,8.38,311.6,50.3,3830.7,0.361,0.03194,25.363,1.429,23.865666666666662,1.1519999999999997,1.3156666666666668,-0.5303672615954593,MODERATE
DEMO_SYNTHETIC,PT_003,2023-04-15,20.971864,85.239983,25.363,1.429,2.977,21.559,0.873,110.1,8.38,311.6,47.7,3878.4,0.361,0.03194,23.724,-1.639,24.926666666666662,1.0606666666666664,1.4018333333333333,-0.5551955875818478,MODERATE
DEMO_SYNTHETIC,PT_003,2023-05-15,20.971864,85.239983,23.724,-1.639,-3.068,20.166,0.715,110.1,8.38,311.6,44.7,3923.1,0.361,0.03194,23.812,0.088,24.34033333333333,-0.5863333333333337,1.2700000000000002,-0.5838436560276808,MODERATE
DEMO_SYNTHETIC,PT_003,2023-06-14,20.971864,85.239983,23.812,0.088,1.727,20.24,0.748,110.1,8.38,311.6,255.0,4178.1,0.361,0.03194,18.96,-4.852,24.299666666666667,-0.040666666666667,0.5556666666666666,1.4243859420252107,MODERATE
DEMO_SYNTHETIC,PT_003,2023-07-14,20.971864,85.239983,18.96,-4.852,-4.94,16.116,0.638,110.1,8.38,311.6,298.1,4476.2,0.361,0.03194,22.906,3.946,22.165333333333333,-2.1343333333333336,-0.5368333333333334,1.8359631920303447,MODERATE
DEMO_SYNTHETIC,PT_003,2023-08-13,20.971864,85.239983,22.906,3.946,8.799,19.47,0.696,110.1,8.38,311.6,287.3,4763.5,0.361,0.03194,19.092,-3.814,21.892666666666667,-0.272666666666667,-0.4294999999999999,1.732830145625346,MODERATE
DEMO_SYNTHETIC,PT_003,2023-09-12,20.971864,85.239983,19.092,-3.814,-7.76,16.228,0.737,110.1,8.38,311.6,234.9,4998.4,0.361,0.03194,24.588,5.496,20.319333333333333,-1.573333333333334,-0.807,1.23244388343813,MODERATE
DEMO_SYNTHETIC,PT_003,2023-10-12,20.971864,85.239983,24.588,5.496,9.31,20.9,0.834,110.1,8.38,311.6,43.7,5042.2,0.361,0.03194,24.609,0.02,22.195333333333327,1.876,-0.1291666666666667,-0.5933930121762918,HIGH
DEMO_SYNTHETIC,PT_003,2023-11-11,20.971864,85.239983,24.609,0.02,-5.476,20.917,0.844,110.1,8.38,311.6,38.0,5080.2,0.361,0.03194,24.609,0.02,22.763,0.567333333333333,0.1473333333333333,-0.6478243422233745,MODERATE
DEMO_SYNTHETIC,PT_004,2020-01-01,20.96015,85.223141,4.913,0.0,0.0,4.176,0.729,89.4,6.28,28.9,35.6,35.6,0.76,0.01202,4.11,-0.803,4.913,0.0,0.0,-0.5938132811984811,LOW
DEMO_SYNTHETIC,PT_004,2020-01-31,20.96015,85.223141,4.11,-0.803,0.0,3.494,0.664,89.4,6.28,28.9,13.4,49.0,0.76,0.01202,4.575,0.465,4.5115,-0.4015,-0.4015,-0.8070314071698061,LOW
DEMO_SYNTHETIC,PT_004,2020-03-01,20.96015,85.223141,4.575,0.465,1.267,3.889,0.788,89.4,6.28,28.9,40.3,89.2,0.76,0.01202,7.161,2.587,4.532666666666667,-0.1126666666666666,-0.1126666666666666,-0.5486725067811286,LOW
DEMO_SYNTHETIC,PT_004,2020-03-31,20.96015,85.223141,7.161,2.587,2.122,6.087,0.747,89.4,6.28,28.9,18.7,108.0,0.76,0.01202,8.61,1.449,5.282,0.7496666666666667,0.56225,-0.7561279806991745,MODERATE
DEMO_SYNTHETIC,PT_004,2020-04-30,20.96015,85.223141,8.61,1.449,-1.138,7.319,0.746,89.4,6.28,28.9,33.7,141.6,0.76,0.01202,3.293,-5.317,6.782,1.5003333333333335,0.7396,-0.6120616793671981,LOW
DEMO_SYNTHETIC,PT_004,2020-05-30,20.96015,85.223141,3.293,-5.317,-6.766,2.799,0.535,89.4,6.28,28.9,22.3,163.9,0.76,0.01202,5.95,2.656,6.354666666666667,-0.4269999999999999,-0.2698333333333333,-0.7215520683795003,HIGH
DEMO_SYNTHETIC,PT_004,2020-06-29,20.96015,85.223141,5.95,2.656,7.973,5.057,0.707,89.4,6.28,28.9,222.2,386.1,0.76,0.01202,8.31,2.361,5.9510000000000005,-0.4039999999999999,0.1728333333333334,1.1983715073713057,MODERATE
DEMO_SYNTHETIC,PT_004,2020-07-29,20.96015,85.223141,8.31,2.361,-0.296,7.064,0.704,89.4,6.28,28.9,261.9,648.0,0.76,0.01202,5.348,-2.962,5.851,-0.0999999999999998,0.7001666666666667,1.5796669848966032,MODERATE
DEMO_SYNTHETIC,PT_004,2020-08-28,20.96015,85.223141,5.348,-2.962,-5.323,4.546,0.688,89.4,6.28,28.9,266.7,914.7,0.76,0.01202,7.892,2.544,6.5360000000000005,0.6850000000000004,0.1290000000000001,1.6257682013228358,MODERATE
DEMO_SYNTHETIC,PT_004,2020-09-27,20.96015,85.223141,7.892,2.544,5.507,6.708,0.741,89.4,6.28,28.9,258.0,1172.7,0.76,0.01202,6.512,-1.38,7.183333333333334,0.647666666666667,0.1218333333333333,1.5422097465502895,MODERATE
DEMO_SYNTHETIC,PT_004,2020-10-27,20.96015,85.223141,6.512,-1.38,-3.925,5.535,0.575,89.4,6.28,28.9,31.3,1204.0,0.76,0.01202,8.323,1.811,6.584,-0.599333333333333,-0.3496666666666666,-0.6351122875803145,LOW
DEMO_SYNTHETIC,PT_004,2020-11-26,20.96015,85.223141,8.323,1.811,3.191,7.074,0.543,89.4,6.28,28.9,22.9,1227.0,0.76,0.01202,13.374,5.051,7.575666666666667,0.991666666666667,0.8383333333333334,-0.7157894163262213,LOW
DEMO_SYNTHETIC,PT_004,2020-12-26,20.96015,85.223141,13.374,5.051,3.24,11.368,0.746,89.4,6.28,28.9,30.9,1257.9,0.76,0.01202,16.316,2.942,9.403,1.8273333333333337,1.2375,-0.6389540556158338,HIGH
DEMO_SYNTHETIC,PT_004,2021-01-25,20.96015,85.223141,16.316,2.942,-2.109,13.868,0.919,89.4,6.28,28.9,7.3,1265.2,0.76,0.01202,16.332,0.017,12.671,3.2680000000000007,1.3343333333333334,-0.8656183697114767,MODERATE
DEMO_SYNTHETIC,PT_004,2021-02-24,20.96015,85.223141,16.332,0.017,-2.926,13.883,0.941,89.4,6.28,28.9,32.2,1297.4,0.76,0.01202,18.663,2.331,15.340666666666666,2.6700000000000004,1.830833333333333,-0.6264683095003958,MODERATE
DEMO_SYNTHETIC,PT_004,2021-03-26,20.96015,85.223141,18.663,2.331,2.314,15.864,0.772,89.4,6.28,28.9,24.8,1322.2,0.76,0.01202,20.056,1.393,17.103666666666665,1.7633333333333336,1.7953333333333337,-0.6975410181575042,MODERATE
DEMO_SYNTHETIC,PT_004,2021-04-25,20.96015,85.223141,20.056,1.393,-0.938,17.048,0.626,89.4,6.28,28.9,0.0,1322.2,0.76,0.01202,19.542,-0.514,18.35033333333333,1.247,2.2575,-0.9357306363597052,MODERATE
DEMO_SYNTHETIC,PT_004,2021-05-25,20.96015,85.223141,19.542,-0.514,-1.908,16.61,0.741,89.4,6.28,28.9,4.3,1326.5,0.76,0.01202,21.554,2.013,19.420333333333332,1.0700000000000005,1.87,-0.894431629977872,MODERATE
DEMO_SYNTHETIC,PT_004,2021-06-24,20.96015,85.223141,21.554,2.013,2.527,18.321,0.665,89.4,6.28,28.9,156.4,1482.9,0.76,0.01202,19.764,-1.79,20.384,0.9640000000000004,1.3636666666666668,0.5664006655283691,MODERATE
DEMO_SYNTHETIC,PT_004,2021-07-24,20.96015,85.223141,19.764,-1.79,-3.803,16.8,0.763,89.4,6.28,28.9,201.4,1684.4,0.76,0.01202,24.206,4.442,20.286666666666665,-0.0969999999999997,0.575,0.9985995695242984,MODERATE
DEMO_SYNTHETIC,PT_004,2021-08-23,20.96015,85.223141,24.206,4.442,6.232,20.575,0.732,89.4,6.28,28.9,211.0,1895.4,0.76,0.01202,25.535,1.329,21.84133333333333,1.5550000000000004,1.3125,1.0908020023767633,MODERATE
DEMO_SYNTHETIC,PT_004,2021-09-22,20.96015,85.223141,25.535,1.329,-3.113,21.705,0.729,89.4,6.28,28.9,240.3,2135.6,0.76,0.01202,27.161,1.626,23.168333333333333,1.3270000000000002,1.1455,1.3722115109785575,MODERATE
DEMO_SYNTHETIC,PT_004,2021-10-22,20.96015,85.223141,27.161,1.626,0.297,23.087,0.917,89.4,6.28,28.9,64.5,2200.1,0.76,0.01202,27.305,0.144,25.634,2.465666666666667,1.1843333333333332,-0.3162455406322065,MODERATE
DEMO_SYNTHETIC,PT_004,2021-11-21,20.96015,85.223141,27.305,0.144,-1.481,23.209,0.798,89.4,6.28,28.9,3.4,2203.5,0.76,0.01202,36.436,9.131,26.667,1.033,1.294,-0.9030756080577904,MODERATE
DEMO_SYNTHETIC,PT_004,2021-12-21,20.96015,85.223141,36.436,9.131,8.987,30.971,0.733,89.4,6.28,28.9,21.3,2224.8,0.76,0.01202,37.77,1.334,30.300666666666668,3.633666666666667,2.4803333333333337,-0.7311564884682987,HIGH
DEMO_SYNTHETIC,PT_004,2022-01-20,20.96015,85.223141,37.77,1.334,-7.797,32.104,0.746,89.4,6.28,28.9,40.8,2265.6,0.76,0.01202,41.784,4.014,33.837,3.5363333333333338,3.001,-0.5438702967367294,MODERATE
DEMO_SYNTHETIC,PT_004,2022-02-19,20.96015,85.223141,41.784,4.014,2.681,35.516,0.665,89.4,6.28,28.9,22.5,2288.1,0.76,0.01202,42.399,0.614,38.66333333333333,4.826333333333334,2.9296666666666678,-0.7196311843617406,HIGH
DEMO_SYNTHETIC,PT_004,2022-03-21,20.96015,85.223141,42.399,0.614,-3.4,36.039,0.736,89.4,6.28,28.9,61.0,2349.1,0.76,0.01202,42.873,0.474,40.651,1.987333333333334,2.8105,-0.349861010943001,HIGH
DEMO_SYNTHETIC,PT_004,2022-04-20,20.96015,85.223141,42.873,0.474,-0.14,36.442,0.765,89.4,6.28,28.9,40.8,2389.9,0.76,0.01202,46.85,3.977,42.352,1.7006666666666674,2.6185000000000005,-0.5438702967367294,HIGH
DEMO_SYNTHETIC,PT_004,2022-05-20,20.96015,85.223141,46.85,3.977,3.503,39.822,0.462,89.4,6.28,28.9,22.2,2412.1,0.76,0.01202,47.294,0.444,44.040666666666674,1.6883333333333344,3.257333333333334,-0.72251251038838,HIGH
DEMO_SYNTHETIC,PT_004,2022-06-19,20.96015,85.223141,47.294,0.444,-3.533,40.2,0.666,89.4,6.28,28.9,271.4,2683.5,0.76,0.01202,47.876,0.582,45.67233333333333,1.6316666666666677,1.8095000000000008,1.6709089757401885,HIGH
DEMO_SYNTHETIC,PT_004,2022-07-19,20.96015,85.223141,47.876,0.582,0.138,40.694,0.743,89.4,6.28,28.9,277.3,2960.8,0.76,0.01202,48.186,0.311,47.34,1.6676666666666675,1.684166666666667,1.7275750542640993,HIGH
DEMO_SYNTHETIC,PT_004,2022-08-18,20.96015,85.223141,48.186,0.311,-0.271,40.958,0.664,89.4,6.28,28.9,184.6,3145.3,0.76,0.01202,50.97,2.784,47.78533333333333,0.4456666666666675,1.0670000000000004,0.8372453120324846,HIGH
DEMO_SYNTHETIC,PT_004,2022-09-17,20.96015,85.223141,50.97,2.784,2.473,43.325,0.88,89.4,6.28,28.9,208.9,3354.3,0.76,0.01202,50.467,-0.503,49.01066666666666,1.2256666666666671,1.4286666666666672,1.0706327201902863,HIGH
DEMO_SYNTHETIC,PT_004,2022-10-17,20.96015,85.223141,50.467,-0.503,-3.287,42.897,0.652,89.4,6.28,28.9,31.2,3385.4,0.76,0.01202,53.816,3.349,49.87433333333333,0.8640000000000008,1.2658333333333336,-0.6360727295891941,HIGH
DEMO_SYNTHETIC,PT_004,2022-11-16,20.96015,85.223141,53.816,3.349,3.852,45.744,0.871,89.4,6.28,28.9,26.6,3412.1,0.76,0.01202,52.215,-1.601,51.751,1.876666666666668,1.1611666666666671,-0.6802530619976669,HIGH
DEMO_SYNTHETIC,PT_004,2022-12-16,20.96015,85.223141,52.215,-1.601,-4.95,44.383,0.701,89.4,6.28,28.9,36.3,3448.4,0.76,0.01202,63.183,10.968,52.166,0.4150000000000007,0.8203333333333337,-0.5870901871363222,HIGH
DEMO_SYNTHETIC,PT_004,2023-01-15,20.96015,85.223141,63.183,10.968,12.569,53.705,0.695,89.4,6.28,28.9,6.2,3454.6,0.76,0.01202,61.213,-1.97,56.40466666666666,4.238666666666668,2.551333333333334,-0.8761832318091549,CRITICAL
DEMO_SYNTHETIC,PT_004,2023-02-14,20.96015,85.223141,61.213,-1.97,-12.938,52.031,0.733,89.4,6.28,28.9,26.4,3481.0,0.76,0.01202,66.703,5.49,58.87033333333333,2.465666666666668,2.171166666666667,-0.6821739460154268,HIGH
DEMO_SYNTHETIC,PT_004,2023-03-16,20.96015,85.223141,66.703,5.49,7.46,56.697,0.659,89.4,6.28,28.9,40.1,3521.0,0.76,0.01202,67.704,1.001,63.699666666666666,4.829333333333334,2.622166666666667,-0.5505933907988881,HIGH
DEMO_SYNTHETIC,PT_004,2023-04-15,20.96015,85.223141,67.704,1.001,-4.489,57.548,0.791,89.4,6.28,28.9,12.6,3533.7,0.76,0.01202,68.012,0.309,65.20666666666666,1.5070000000000008,2.872833333333334,-0.814714943240845,HIGH
DEMO_SYNTHETIC,PT_004,2023-05-15,20.96015,85.223141,68.012,0.309,-0.693,57.811,0.612,89.4,6.28,28.9,15.9,3549.5,0.76,0.01202,62.345,-5.668,67.473,2.2666666666666675,2.366166666666667,-0.7830203569478101,HIGH
DEMO_SYNTHETIC,PT_004,2023-06-14,20.96015,85.223141,62.345,-5.668,-5.976,52.993,0.705,89.4,6.28,28.9,210.6,3760.1,0.76,0.01202,68.865,6.52,66.02033333333334,-1.452666666666666,1.6883333333333337,1.086960234341244,HIGH
DEMO_SYNTHETIC,PT_004,2023-07-14,20.96015,85.223141,68.865,6.52,12.188,58.535,0.778,89.4,6.28,28.9,315.2,4075.3,0.76,0.01202,64.777,-4.088,66.40733333333333,0.3870000000000004,0.9470000000000004,2.0915825756295594,HIGH
DEMO_SYNTHETIC,PT_004,2023-08-13,20.96015,85.223141,64.777,-4.088,-10.608,55.061,0.971,89.4,6.28,28.9,245.2,4320.5,0.76,0.01202,65.915,1.138,65.329,-1.078666666666666,0.5940000000000004,1.4192731694136695,HIGH
DEMO_SYNTHETIC,PT_004,2023-09-12,20.96015,85.223141,65.915,1.138,5.226,56.028,0.779,89.4,6.28,28.9,282.3,4602.9,0.76,0.01202,65.146,-0.769,66.519,1.1900000000000006,-0.1313333333333329,1.7755971547080915,HIGH
DEMO_SYNTHETIC,PT_004,2023-10-12,20.96015,85.223141,65.146,-0.769,-1.907,55.374,0.774,89.4,6.28,28.9,33.4,4636.2,0.76,0.01202,68.777,3.63,65.27933333333333,-1.2396666666666658,-0.4263333333333329,-0.6149430053938377,HIGH
DEMO_SYNTHETIC,PT_004,2023-11-11,20.96015,85.223141,68.777,3.63,4.4,58.46,0.815,89.4,6.28,28.9,40.2,4676.4,0.76,0.01202,68.777,3.63,66.61266666666667,1.3330000000000009,0.127166666666667,-0.5496329487900083,HIGH
DEMO_SYNTHETIC,PT_005,2020-01-01,20.961431,85.220414,-0.954,0.0,0.0,-0.811,0.685,124.5,9.53,330.5,29.5,29.5,0.76,0.01202,3.626,4.58,-0.954,0.0,0.0,-0.6544898380225448,LOW
DEMO_SYNTHETIC,PT_005,2020-01-31,20.961431,85.220414,3.626,4.58,0.0,3.082,0.872,124.5,9.53,330.5,21.5,51.0,0.76,0.01202,1.998,-1.628,1.336,2.29,2.29,-0.722461196454095,MODERATE
DEMO_SYNTHETIC,PT_005,2020-03-01,20.961431,85.220414,1.998,-1.628,-6.208,1.698,0.834,124.5,9.53,330.5,20.1,71.1,0.76,0.01202,6.308,4.31,1.5566666666666666,0.984,0.984,-0.7343561841796163,LOW
DEMO_SYNTHETIC,PT_005,2020-03-31,20.961431,85.220414,6.308,4.31,5.939,5.362,0.471,124.5,9.53,330.5,39.1,110.2,0.76,0.01202,6.36,0.051,3.9773333333333327,2.4206666666666665,1.8155,-0.5729242079046845,MODERATE
DEMO_SYNTHETIC,PT_005,2020-04-30,20.961431,85.220414,6.36,0.051,-4.259,5.406,0.621,124.5,9.53,330.5,22.9,133.1,0.76,0.01202,4.991,-1.369,4.8886666666666665,0.911,1.4626,-0.7105662087285737,LOW
DEMO_SYNTHETIC,PT_005,2020-05-30,20.961431,85.220414,4.991,-1.369,-1.42,4.242,0.777,124.5,9.53,330.5,0.0,133.1,0.76,0.01202,4.636,-0.355,5.886333333333333,0.9973333333333332,0.9906666666666664,-0.9051342222388864,LOW
DEMO_SYNTHETIC,PT_005,2020-06-29,20.961431,85.220414,4.636,-0.355,1.014,3.941,0.897,124.5,9.53,330.5,265.4,398.5,0.76,0.01202,5.106,0.469,5.329000000000001,-0.5576666666666666,0.9315,1.3498155937277942,LOW
DEMO_SYNTHETIC,PT_005,2020-07-29,20.961431,85.220414,5.106,0.469,0.824,4.34,0.663,124.5,9.53,330.5,220.4,618.8,0.76,0.01202,6.733,1.628,4.9110000000000005,-0.4183333333333333,0.2463333333333332,0.967476702550324,LOW
DEMO_SYNTHETIC,PT_005,2020-08-28,20.961431,85.220414,6.733,1.628,1.158,5.723,0.727,124.5,9.53,330.5,215.0,833.8,0.76,0.01202,7.447,0.714,5.491666666666667,0.5806666666666666,0.7889999999999998,0.9215960356090276,LOW
DEMO_SYNTHETIC,PT_005,2020-09-27,20.961431,85.220414,7.447,0.714,-0.914,6.33,0.717,124.5,9.53,330.5,290.4,1124.2,0.76,0.01202,3.691,-3.756,6.428666666666667,0.9369999999999998,0.1896666666666665,1.5622260888263888,LOW
DEMO_SYNTHETIC,PT_005,2020-10-27,20.961431,85.220414,3.691,-3.756,-4.469,3.138,0.6,124.5,9.53,330.5,52.3,1176.5,0.76,0.01202,4.472,0.78,5.957,-0.4713333333333334,-0.4448333333333334,-0.4607714664926264,MODERATE
DEMO_SYNTHETIC,PT_005,2020-11-26,20.961431,85.220414,4.472,0.78,4.536,3.801,0.815,124.5,9.53,330.5,32.5,1209.0,0.76,0.01202,7.247,2.775,5.203333333333333,-0.7539999999999999,-0.0866666666666666,-0.6290005786107135,LOW
DEMO_SYNTHETIC,PT_005,2020-12-26,20.961431,85.220414,7.247,2.775,1.995,6.16,0.563,124.5,9.53,330.5,20.2,1229.3,0.76,0.01202,10.757,3.51,5.136666666666667,-0.067,0.435,-0.733506542199222,MODERATE
DEMO_SYNTHETIC,PT_005,2021-01-25,20.961431,85.220414,10.757,3.51,0.735,9.144,0.616,124.5,9.53,330.5,28.2,1257.5,0.76,0.01202,16.694,5.937,7.492,2.355,0.9418333333333332,-0.6655351837676716,MODERATE
DEMO_SYNTHETIC,PT_005,2021-02-24,20.961431,85.220414,16.694,5.937,2.427,14.19,0.692,124.5,9.53,330.5,56.8,1314.3,0.76,0.01202,12.776,-3.919,11.566,4.074,1.66,-0.4225375773748794,HIGH
DEMO_SYNTHETIC,PT_005,2021-03-26,20.961431,85.220414,12.776,-3.919,-9.856,10.859,0.825,124.5,9.53,330.5,41.7,1356.0,0.76,0.01202,16.639,3.863,13.409,1.8426666666666665,0.8878333333333334,-0.5508335164144306,MODERATE
DEMO_SYNTHETIC,PT_005,2021-04-25,20.961431,85.220414,16.639,3.863,7.782,14.143,0.646,124.5,9.53,330.5,0.0,1356.0,0.76,0.01202,15.335,-1.303,15.369666666666667,1.9603333333333333,2.1576666666666666,-0.9051342222388864,MODERATE
DEMO_SYNTHETIC,PT_005,2021-05-25,20.961431,85.220414,15.335,-1.303,-5.167,13.035,0.724,124.5,9.53,330.5,37.0,1393.0,0.76,0.01202,14.902,-0.434,14.916666666666666,-0.453,1.8105,-0.5907666894929664,MODERATE
DEMO_SYNTHETIC,PT_005,2021-06-24,20.961431,85.220414,14.902,-0.434,0.87,12.667,0.676,124.5,9.53,330.5,302.2,1695.2,0.76,0.01202,13.428,-1.474,15.625333333333336,0.7086666666666667,1.2756666666666667,1.6624838425129256,LOW
DEMO_SYNTHETIC,PT_005,2021-07-24,20.961431,85.220414,13.428,-1.474,-1.04,11.414,0.695,124.5,9.53,330.5,244.3,1939.5,0.76,0.01202,16.511,3.083,14.555,-1.0703333333333334,0.445,1.1705411358645803,LOW
DEMO_SYNTHETIC,PT_005,2021-08-23,20.961431,85.220414,16.511,3.083,4.556,14.034,0.684,124.5,9.53,330.5,303.1,2242.7,0.76,0.01202,16.809,0.298,14.947,0.3916666666666668,-0.0306666666666666,1.6701306203364752,MODERATE
DEMO_SYNTHETIC,PT_005,2021-09-22,20.961431,85.220414,16.809,0.298,-2.784,14.288,0.523,124.5,9.53,330.5,272.9,2515.5,0.76,0.01202,22.93,6.121,15.582666666666668,0.6356666666666667,0.6721666666666667,1.4135387422573726,MODERATE
DEMO_SYNTHETIC,PT_005,2021-10-22,20.961431,85.220414,22.93,6.121,5.823,19.491,0.657,124.5,9.53,330.5,24.0,2539.6,0.76,0.01202,23.056,0.126,18.75,3.1673333333333336,1.0485,-0.7012201469442356,HIGH
DEMO_SYNTHETIC,PT_005,2021-11-21,20.961431,85.220414,23.056,0.126,-5.996,19.597,0.7,124.5,9.53,330.5,23.1,2562.7,0.76,0.01202,26.276,3.22,20.93166666666667,2.181666666666667,1.2866666666666668,-0.708866924767785,MODERATE
DEMO_SYNTHETIC,PT_005,2021-12-21,20.961431,85.220414,26.276,3.22,3.094,22.334,0.57,124.5,9.53,330.5,9.2,2571.9,0.76,0.01202,27.622,1.346,24.087333333333333,3.155666666666667,1.8956666666666664,-0.8269671600426036,MODERATE
DEMO_SYNTHETIC,PT_005,2022-01-20,20.961431,85.220414,27.622,1.346,-1.874,23.478,0.675,124.5,9.53,330.5,13.2,2585.1,0.76,0.01202,29.417,1.796,25.65133333333333,1.564,2.3656666666666664,-0.7929814808268284,MODERATE
DEMO_SYNTHETIC,PT_005,2022-02-19,20.961431,85.220414,29.417,1.796,0.45,25.005,0.726,124.5,9.53,330.5,2.0,2587.1,0.76,0.01202,33.925,4.508,27.771666666666665,2.1206666666666667,2.1511666666666667,-0.8881413826309988,MODERATE
DEMO_SYNTHETIC,PT_005,2022-03-21,20.961431,85.220414,33.925,4.508,2.712,28.837,0.787,124.5,9.53,330.5,45.6,2632.7,0.76,0.01202,39.081,5.156,30.32133333333333,2.5500000000000003,2.8528333333333333,-0.5176974791790498,MODERATE
DEMO_SYNTHETIC,PT_005,2022-04-20,20.961431,85.220414,39.081,5.156,0.648,33.219,0.869,124.5,9.53,330.5,34.8,2667.5,0.76,0.01202,34.286,-4.795,34.141,3.82,2.692,-0.6094588130616427,HIGH
DEMO_SYNTHETIC,PT_005,2022-05-20,20.961431,85.220414,34.286,-4.795,-9.951,29.143,0.79,124.5,9.53,330.5,24.9,2692.5,0.76,0.01202,41.295,7.009,35.764,1.6230000000000002,1.8718333333333328,-0.6935733691206861,MODERATE
DEMO_SYNTHETIC,PT_005,2022-06-19,20.961431,85.220414,41.295,7.009,11.804,35.101,0.658,124.5,9.53,330.5,182.7,2875.1,0.76,0.01202,31.764,-9.532,38.220666666666666,2.4566666666666666,2.5033333333333334,0.6471616759416432,HIGH
DEMO_SYNTHETIC,PT_005,2022-07-19,20.961431,85.220414,31.764,-9.532,-16.541,26.999,0.713,124.5,9.53,330.5,265.9,3141.1,0.76,0.01202,40.335,8.571,35.781666666666666,-2.4393333333333334,0.6903333333333332,1.354063803629766,HIGH
DEMO_SYNTHETIC,PT_005,2022-08-18,20.961431,85.220414,40.335,8.571,18.103,34.285,0.668,124.5,9.53,330.5,231.1,3372.2,0.76,0.01202,36.891,-3.444,37.798,2.016,1.8195,1.0583883944525223,HIGH
DEMO_SYNTHETIC,PT_005,2022-09-17,20.961431,85.220414,36.891,-3.444,-12.015,31.357,1.0,124.5,9.53,330.5,241.4,3613.6,0.76,0.01202,37.007,0.116,36.330000000000005,-1.4683333333333335,0.4941666666666666,1.1459015184331436,MODERATE
DEMO_SYNTHETIC,PT_005,2022-10-17,20.961431,85.220414,37.007,0.116,3.56,31.456,0.952,124.5,9.53,330.5,16.4,3630.0,0.76,0.01202,42.288,5.281,38.077666666666666,1.7476666666666665,-0.3458333333333332,-0.7657929374542083,MODERATE
DEMO_SYNTHETIC,PT_005,2022-11-16,20.961431,85.220414,42.288,5.281,5.165,35.945,0.654,124.5,9.53,330.5,34.5,3664.6,0.76,0.01202,43.904,1.615,38.72866666666666,0.6509999999999998,1.3335,-0.6120077390028258,HIGH
DEMO_SYNTHETIC,PT_005,2022-12-16,20.961431,85.220414,43.904,1.615,-3.666,37.318,0.622,124.5,9.53,330.5,3.1,3667.6,0.76,0.01202,44.895,0.992,41.066333333333326,2.337333333333333,0.4345,-0.8787953208466608,HIGH
DEMO_SYNTHETIC,PT_005,2023-01-15,20.961431,85.220414,44.895,0.992,-0.624,38.161,0.813,124.5,9.53,330.5,65.2,3732.8,0.76,0.01202,51.374,6.478,43.69566666666666,2.6293333333333333,2.1885,-0.3511676510217515,HIGH
DEMO_SYNTHETIC,PT_005,2023-02-14,20.961431,85.220414,51.374,6.478,5.487,43.668,0.699,124.5,9.53,330.5,14.4,3747.2,0.76,0.01202,50.232,-1.142,46.72433333333333,3.0283333333333338,1.8396666666666668,-0.7827857770620958,HIGH
DEMO_SYNTHETIC,PT_005,2023-03-16,20.961431,85.220414,50.232,-1.142,-7.62,42.697,0.559,124.5,9.53,330.5,31.2,3778.4,0.76,0.01202,56.199,5.968,48.833666666666666,2.1093333333333333,2.223333333333333,-0.6400459243558403,HIGH
DEMO_SYNTHETIC,PT_005,2023-04-15,20.961431,85.220414,56.199,5.968,7.11,47.769,0.796,124.5,9.53,330.5,22.6,3801.0,0.76,0.01202,51.725,-4.474,52.60166666666667,3.7679999999999993,3.1986666666666665,-0.713115134669757,HIGH
DEMO_SYNTHETIC,PT_005,2023-05-15,20.961431,85.220414,51.725,-4.474,-10.442,43.966,0.62,124.5,9.53,330.5,28.3,3829.3,0.76,0.01202,50.571,-1.153,52.71866666666667,0.1173333333333331,1.5728333333333333,-0.6646855417872773,HIGH
DEMO_SYNTHETIC,PT_005,2023-06-14,20.961431,85.220414,50.571,-1.153,3.321,42.986,0.747,124.5,9.53,330.5,362.6,4191.9,0.76,0.01202,47.001,-3.57,52.83166666666667,0.1136666666666664,1.1114999999999997,2.1756675986711307,HIGH
DEMO_SYNTHETIC,PT_005,2023-07-14,20.961431,85.220414,47.001,-3.57,-2.417,39.951,0.742,124.5,9.53,330.5,201.6,4393.4,0.76,0.01202,52.9,5.899,49.76566666666667,-3.065666666666667,0.3511666666666665,0.8077440102361808,HIGH
DEMO_SYNTHETIC,PT_005,2023-08-13,20.961431,85.220414,52.9,5.899,9.47,44.965,0.707,124.5,9.53,330.5,318.1,4711.5,0.76,0.01202,50.969,-1.931,50.15733333333333,0.392,0.2546666666666666,1.797576917395632,HIGH
DEMO_SYNTHETIC,PT_005,2023-09-12,20.961431,85.220414,50.969,-1.931,-7.831,43.324,0.525,124.5,9.53,330.5,329.3,5040.8,0.76,0.01202,49.956,-1.013,50.29,0.1326666666666667,0.1231666666666665,1.8927368191998024,HIGH
DEMO_SYNTHETIC,PT_005,2023-10-12,20.961431,85.220414,49.956,-1.013,0.918,42.463,0.767,124.5,9.53,330.5,28.7,5069.5,0.76,0.01202,55.185,5.229,51.275,0.985,-1.0403333333333336,-0.6612869738656998,HIGH
DEMO_SYNTHETIC,PT_005,2023-11-11,20.961431,85.220414,55.185,5.229,6.242,46.907,0.635,124.5,9.53,330.5,44.1,5113.6,0.76,0.01202,55.185,5.229,52.03666666666667,0.7616666666666667,0.5768333333333332,-0.5304421088849655,HIGH
DEMO_SYNTHETIC,PT_006,2020-01-01,20.957599,85.217178,5.382,0.0,0.0,4.575,0.872,99.5,11.58,154.0,19.3,19.3,0.848,0.00761,7.94,2.557,5.382,0.0,0.0,-0.7847632989670474,LOW
DEMO_SYNTHETIC,PT_006,2020-01-31,20.957599,85.217178,7.94,2.557,0.0,6.749,0.678,99.5,11.58,154.0,37.1,56.3,0.848,0.00761,9.932,1.993,6.661,1.2785,1.2785,-0.610330623133273,MODERATE
DEMO_SYNTHETIC,PT_006,2020-03-01,20.957599,85.217178,9.932,1.993,-0.565,8.442,0.755,99.5,11.58,154.0,21.9,78.2,0.848,0.00761,6.169,-3.763,7.751333333333334,1.5166666666666666,1.5166666666666666,-0.7592843687890805,LOW
DEMO_SYNTHETIC,PT_006,2020-03-31,20.957599,85.217178,6.169,-3.763,-5.755,5.244,0.695,99.5,11.58,154.0,14.7,92.9,0.848,0.00761,11.616,5.446,8.013666666666667,0.2623333333333333,0.1967499999999999,-0.829841406204989,MODERATE
DEMO_SYNTHETIC,PT_006,2020-04-30,20.957599,85.217178,11.616,5.446,9.209,9.873,0.908,99.5,11.58,154.0,29.0,121.9,0.848,0.00761,5.009,-6.607,9.239,1.2253333333333332,1.2466,-0.6897072902261704,HIGH
DEMO_SYNTHETIC,PT_006,2020-05-30,20.957599,85.217178,5.009,-6.607,-12.053,4.258,0.709,99.5,11.58,154.0,19.8,141.7,0.848,0.00761,8.964,3.955,7.598,-1.6413333333333335,-0.0623333333333334,-0.7798635047020538,HIGH
DEMO_SYNTHETIC,PT_006,2020-06-29,20.957599,85.217178,8.964,3.955,10.561,7.619,0.728,99.5,11.58,154.0,231.8,373.5,0.848,0.00761,5.383,-3.58,8.529666666666666,0.9313333333333332,0.5968333333333332,1.2976492636552588,MODERATE
DEMO_SYNTHETIC,PT_006,2020-07-29,20.957599,85.217178,5.383,-3.58,-7.535,4.576,0.785,99.5,11.58,154.0,248.3,621.8,0.848,0.00761,6.978,1.595,6.452000000000001,-2.0773333333333333,-0.4260000000000001,1.4593424744000496,MODERATE
DEMO_SYNTHETIC,PT_006,2020-08-28,20.957599,85.217178,6.978,1.595,5.175,5.931,0.63,99.5,11.58,154.0,170.2,792.0,0.848,0.00761,4.359,-2.619,7.108333333333333,0.6566666666666666,-0.4923333333333334,0.6939946102080395,LOW
DEMO_SYNTHETIC,PT_006,2020-09-27,20.957599,85.217178,4.359,-2.619,-4.214,3.705,0.762,99.5,11.58,154.0,253.5,1045.5,0.848,0.00761,11.431,7.072,5.573333333333333,-1.5346666666666666,-0.3016666666666667,1.5103003347559836,MODERATE
DEMO_SYNTHETIC,PT_006,2020-10-27,20.957599,85.217178,11.431,7.072,9.691,9.716,0.804,99.5,11.58,154.0,16.6,1062.1,0.848,0.00761,11.342,-0.089,7.589333333333333,2.016,-0.0306666666666666,-0.811222187998013,HIGH
DEMO_SYNTHETIC,PT_006,2020-11-26,20.957599,85.217178,11.342,-0.089,-7.161,9.641,0.771,99.5,11.58,154.0,20.2,1082.2,0.848,0.00761,6.719,-4.623,9.044,1.4546666666666663,1.0556666666666663,-0.7759436692900588,LOW
DEMO_SYNTHETIC,PT_006,2020-12-26,20.957599,85.217178,6.719,-4.623,-4.534,5.711,0.737,99.5,11.58,154.0,45.4,1127.7,0.848,0.00761,12.241,5.522,9.830666666666668,0.7866666666666662,-0.3740000000000001,-0.5289940383343783,MODERATE
DEMO_SYNTHETIC,PT_006,2021-01-25,20.957599,85.217178,12.241,5.522,10.145,10.405,0.815,99.5,11.58,154.0,28.7,1156.4,0.848,0.00761,20.438,8.197,10.100666666666667,0.2699999999999996,1.143,-0.6926471667851665,HIGH
DEMO_SYNTHETIC,PT_006,2021-02-24,20.957599,85.217178,20.438,8.197,2.674,17.372,0.76,99.5,11.58,154.0,51.6,1208.0,0.848,0.00761,18.361,-2.077,13.132666666666664,3.032,2.243333333333333,-0.4682365894484568,HIGH
DEMO_SYNTHETIC,PT_006,2021-03-26,20.957599,85.217178,18.361,-2.077,-10.274,15.607,0.964,99.5,11.58,154.0,66.1,1274.0,0.848,0.00761,18.924,0.563,17.013333333333332,3.880666666666666,2.333666666666667,-0.3261425557636407,MODERATE
DEMO_SYNTHETIC,PT_006,2021-04-25,20.957599,85.217178,18.924,0.563,2.64,16.086,0.693,99.5,11.58,154.0,19.0,1293.0,0.848,0.00761,18.243,-0.682,19.241,2.227666666666666,1.248833333333333,-0.7877031755260435,MODERATE
DEMO_SYNTHETIC,PT_006,2021-05-25,20.957599,85.217178,18.243,-0.682,-1.245,15.506,0.79,99.5,11.58,154.0,47.2,1340.2,0.848,0.00761,16.298,-1.945,18.50933333333333,-0.7320000000000003,1.15,-0.511354778980401,MODERATE
DEMO_SYNTHETIC,PT_006,2021-06-24,20.957599,85.217178,16.298,-1.945,-1.263,13.853,0.759,99.5,11.58,154.0,232.3,1572.5,0.848,0.00761,24.88,8.582,17.821666666666665,-0.6880000000000003,1.5963333333333332,1.3025490579202523,MODERATE
DEMO_SYNTHETIC,PT_006,2021-07-24,20.957599,85.217178,24.88,8.582,10.527,21.148,0.654,99.5,11.58,154.0,307.6,1880.1,0.848,0.00761,26.608,1.728,19.807,1.985,2.106333333333333,2.040458074228298,HIGH
DEMO_SYNTHETIC,PT_006,2021-08-23,20.957599,85.217178,26.608,1.728,-6.854,22.617,0.781,99.5,11.58,154.0,239.7,2119.8,0.848,0.00761,24.355,-2.253,22.595333333333333,2.7883333333333336,1.028166666666667,1.3750660130421584,MODERATE
DEMO_SYNTHETIC,PT_006,2021-09-22,20.957599,85.217178,24.355,-2.253,-3.981,20.702,0.854,99.5,11.58,154.0,256.5,2376.3,0.848,0.00761,27.133,2.778,25.281,2.685666666666666,0.9988333333333334,1.5396991003459457,MODERATE
DEMO_SYNTHETIC,PT_006,2021-10-22,20.957599,85.217178,27.133,2.778,5.031,23.063,0.701,99.5,11.58,154.0,36.8,2413.1,0.848,0.00761,35.59,8.458,26.032,0.7509999999999996,1.368,-0.6132704996922692,MODERATE
DEMO_SYNTHETIC,PT_006,2021-11-21,20.957599,85.217178,35.59,8.458,5.68,30.252,0.669,99.5,11.58,154.0,38.1,2451.2,0.848,0.00761,36.547,0.957,29.026,2.994333333333333,2.8913333333333333,-0.6005310346032857,HIGH
DEMO_SYNTHETIC,PT_006,2021-12-21,20.957599,85.217178,36.547,0.957,-7.501,31.065,0.367,99.5,11.58,154.0,34.1,2485.3,0.848,0.00761,39.217,2.67,33.09,4.064333333333333,3.375,-0.6397293887232349,MODERATE
DEMO_SYNTHETIC,PT_006,2022-01-20,20.957599,85.217178,39.217,2.67,1.713,33.335,0.616,99.5,11.58,154.0,33.0,2518.4,0.848,0.00761,39.987,0.77,37.118,4.028333333333332,2.389666666666667,-0.6505089361062211,MODERATE
DEMO_SYNTHETIC,PT_006,2022-02-19,20.957599,85.217178,39.987,0.77,-1.9,33.989,0.519,99.5,11.58,154.0,17.3,2535.7,0.848,0.00761,43.492,3.505,38.583666666666666,1.4656666666666662,2.23,-0.804362476027022,MODERATE
DEMO_SYNTHETIC,PT_006,2022-03-21,20.957599,85.217178,43.492,3.505,2.735,36.968,0.52,99.5,11.58,154.0,35.1,2570.8,0.848,0.00761,46.465,2.973,40.89866666666666,2.3149999999999995,3.189666666666667,-0.6299298001932476,HIGH
DEMO_SYNTHETIC,PT_006,2022-04-20,20.957599,85.217178,46.465,2.973,-0.532,39.495,0.742,99.5,11.58,154.0,0.0,2570.8,0.848,0.00761,48.617,2.152,43.31466666666668,2.415999999999999,3.222166666666667,-0.9738953575958028,HIGH
DEMO_SYNTHETIC,PT_006,2022-05-20,20.957599,85.217178,48.617,2.152,-0.821,41.324,0.683,99.5,11.58,154.0,17.8,2588.6,0.848,0.00761,51.276,2.659,46.19133333333334,2.8766666666666665,2.1711666666666667,-0.7994626817620284,HIGH
DEMO_SYNTHETIC,PT_006,2022-06-19,20.957599,85.217178,51.276,2.659,0.507,43.585,0.787,99.5,11.58,154.0,244.0,2832.6,0.848,0.00761,49.138,-2.138,48.786,2.5946666666666656,2.454833333333333,1.417204243721104,HIGH
DEMO_SYNTHETIC,PT_006,2022-07-19,20.957599,85.217178,49.138,-2.138,-4.798,41.767,0.758,99.5,11.58,154.0,316.9,3149.6,0.848,0.00761,51.681,2.543,49.677,0.8909999999999996,1.6535000000000002,2.1315942475571794,HIGH
DEMO_SYNTHETIC,PT_006,2022-08-18,20.957599,85.217178,51.681,2.543,4.682,43.929,0.763,99.5,11.58,154.0,193.4,3343.0,0.848,0.00761,51.564,-0.117,50.69833333333333,1.0213333333333328,1.949,0.9213450641037456,HIGH
DEMO_SYNTHETIC,PT_006,2022-09-17,20.957599,85.217178,51.564,-0.117,-2.66,43.83,0.457,99.5,11.58,154.0,286.1,3629.1,0.848,0.00761,51.088,-0.477,50.79433333333333,0.0959999999999994,1.3453333333333335,1.8297669208335705,HIGH
DEMO_SYNTHETIC,PT_006,2022-10-17,20.957599,85.217178,51.088,-0.477,-0.36,43.424,0.658,99.5,11.58,154.0,28.2,3657.3,0.848,0.00761,58.872,7.784,51.44433333333333,0.6496666666666662,0.7703333333333333,-0.6975469610501601,HIGH
DEMO_SYNTHETIC,PT_006,2022-11-16,20.957599,85.217178,58.872,7.784,8.261,50.041,0.642,99.5,11.58,154.0,57.6,3715.0,0.848,0.00761,59.973,1.102,53.84133333333333,2.396666666666666,1.709,-0.4094390582685329,HIGH
DEMO_SYNTHETIC,PT_006,2022-12-16,20.957599,85.217178,59.973,1.102,-6.682,50.977,0.852,99.5,11.58,154.0,43.1,3758.1,0.848,0.00761,67.094,7.121,56.64433333333333,2.8029999999999995,1.4495000000000002,-0.5515330919533491,HIGH
DEMO_SYNTHETIC,PT_006,2023-01-15,20.957599,85.217178,67.094,7.121,6.019,57.03,0.699,99.5,11.58,154.0,25.2,3783.2,0.848,0.00761,69.271,2.176,61.97966666666667,5.335666666666666,2.992666666666667,-0.7269457266401221,HIGH
DEMO_SYNTHETIC,PT_006,2023-02-14,20.957599,85.217178,69.271,2.176,-4.944,58.88,0.775,99.5,11.58,154.0,41.1,3824.3,0.848,0.00761,65.347,-3.924,65.44599999999998,3.466333333333333,2.9315,-0.5711322690133237,HIGH
DEMO_SYNTHETIC,PT_006,2023-03-16,20.957599,85.217178,65.347,-3.924,-6.101,55.545,0.766,99.5,11.58,154.0,3.2,3827.5,0.848,0.00761,70.842,5.495,67.23733333333332,1.7910000000000004,2.2970000000000006,-0.9425366742998432,HIGH
DEMO_SYNTHETIC,PT_006,2023-04-15,20.957599,85.217178,70.842,5.495,9.419,60.215,0.647,99.5,11.58,154.0,44.0,3871.5,0.848,0.00761,65.135,-5.706,68.48666666666666,1.2489999999999997,3.2923333333333336,-0.5427134622763605,HIGH
DEMO_SYNTHETIC,PT_006,2023-05-15,20.957599,85.217178,65.135,-5.706,-11.201,55.365,0.646,99.5,11.58,154.0,10.4,3881.9,0.848,0.00761,70.651,5.516,67.10799999999999,-1.378333333333334,1.0440000000000005,-0.8719796368839345,HIGH
DEMO_SYNTHETIC,PT_006,2023-06-14,20.957599,85.217178,70.651,5.516,11.222,60.053,0.772,99.5,11.58,154.0,221.2,4103.1,0.848,0.00761,69.044,-1.607,68.87599999999999,1.7683333333333326,1.7796666666666667,1.193773625237393,HIGH
DEMO_SYNTHETIC,PT_006,2023-07-14,20.957599,85.217178,69.044,-1.607,-7.123,58.687,0.807,99.5,11.58,154.0,172.8,4275.9,0.848,0.00761,64.21,-4.834,68.27666666666667,-0.5990000000000008,0.325,0.7194735403860067,HIGH
DEMO_SYNTHETIC,PT_006,2023-08-13,20.957599,85.217178,64.21,-4.834,-3.227,54.578,0.726,99.5,11.58,154.0,206.5,4482.4,0.848,0.00761,67.194,2.984,67.96833333333332,-0.3083333333333338,-0.8433333333333333,1.0497196738465795,HIGH
DEMO_SYNTHETIC,PT_006,2023-09-12,20.957599,85.217178,67.194,2.984,7.819,57.115,0.718,99.5,11.58,154.0,212.9,4695.4,0.848,0.00761,72.596,5.402,66.81599999999999,-1.152333333333334,0.308,1.1124370404384984,HIGH
DEMO_SYNTHETIC,PT_006,2023-10-12,20.957599,85.217178,72.596,5.402,2.417,61.706,0.593,99.5,11.58,154.0,46.0,4741.4,0.848,0.00761,71.395,-1.2,68.0,1.1839999999999995,0.2925,-0.5231142852163858,HIGH
DEMO_SYNTHETIC,PT_006,2023-11-11,20.957599,85.217178,71.395,-1.2,-6.602,60.686,0.894,99.5,11.58,154.0,29.0,4770.4,0.848,0.00761,71.395,-1.2,70.395,2.395333333333333,1.0435,-0.6897072902261704,HIGH
DEMO_SYNTHETIC,PT_007,2020-01-01,20.993199,85.208459,0.505,0.0,0.0,0.429,0.664,84.3,6.51,310.6,27.2,27.2,0.2,0.04398,3.858,3.353,0.505,0.0,0.0,-0.7106189561163886,LOW
DEMO_SYNTHETIC,PT_007,2020-01-31,20.993199,85.208459,3.858,3.353,0.0,3.279,0.542,84.3,6.51,310.6,9.9,37.1,0.2,0.04398,2.085,-1.773,2.1815,1.6765,1.6765,-0.887905415830689,MODERATE
DEMO_SYNTHETIC,PT_007,2020-03-01,20.993199,85.208459,2.085,-1.773,-5.126,1.772,0.608,84.3,6.51,310.6,16.5,53.6,0.2,0.04398,5.544,3.459,2.1493333333333333,0.5266666666666667,0.5266666666666667,-0.8202701190610716,LOW
DEMO_SYNTHETIC,PT_007,2020-03-31,20.993199,85.208459,5.544,3.459,5.232,4.712,0.897,84.3,6.51,310.6,17.7,71.3,0.2,0.04398,2.411,-3.133,3.8289999999999993,1.6796666666666669,1.25975,-0.8079727923756866,MODERATE
DEMO_SYNTHETIC,PT_007,2020-04-30,20.993199,85.208459,2.411,-3.133,-6.592,2.049,0.931,84.3,6.51,310.6,40.2,111.5,0.2,0.04398,2.611,0.201,3.3466666666666662,-0.4823333333333333,0.3812,-0.5773979170247178,MODERATE
DEMO_SYNTHETIC,PT_007,2020-05-30,20.993199,85.208459,2.611,0.201,3.334,2.22,0.695,84.3,6.51,310.6,10.6,122.1,0.2,0.04398,3.986,1.375,3.522,0.1756666666666666,0.3511666666666667,-0.8807319752642147,LOW
DEMO_SYNTHETIC,PT_007,2020-06-29,20.993199,85.208459,3.986,1.375,1.174,3.388,0.688,84.3,6.51,310.6,189.8,311.9,0.2,0.04398,-0.575,-4.561,3.0026666666666664,-0.5190000000000001,0.5803333333333334,0.9556688097532796,LOW
DEMO_SYNTHETIC,PT_007,2020-07-29,20.993199,85.208459,-0.575,-4.561,-5.936,-0.489,0.681,84.3,6.51,310.6,229.0,540.9,0.2,0.04398,-1.523,-0.948,2.0073333333333334,-0.995,-0.7386666666666667,1.3573814814758562,MODERATE
DEMO_SYNTHETIC,PT_007,2020-08-28,20.993199,85.208459,-1.523,-0.948,3.613,-1.295,0.441,84.3,6.51,310.6,265.9,806.8,0.2,0.04398,-0.724,0.8,0.6293333333333332,-1.378,-0.6011666666666667,1.735524277051445,LOW
DEMO_SYNTHETIC,PT_007,2020-09-27,20.993199,85.208459,-0.724,0.8,1.748,-0.615,0.713,84.3,6.51,310.6,244.3,1051.1,0.2,0.04398,-0.386,0.338,-0.940666666666667,-1.5696666666666663,-1.0443333333333336,1.514172396714515,LOW
DEMO_SYNTHETIC,PT_007,2020-10-27,20.993199,85.208459,-0.386,0.338,-0.462,-0.328,0.556,84.3,6.51,310.6,21.4,1072.5,0.2,0.04398,1.03,1.416,-0.8776666666666668,0.0633333333333333,-0.4658333333333334,-0.7700560350957496,LOW
DEMO_SYNTHETIC,PT_007,2020-11-26,20.993199,85.208459,1.03,1.416,1.078,0.876,0.756,84.3,6.51,310.6,30.8,1103.4,0.2,0.04398,0.778,-0.252,-0.0266666666666669,0.8513333333333334,-0.2633333333333333,-0.6737269760602337,LOW
DEMO_SYNTHETIC,PT_007,2020-12-26,20.993199,85.208459,0.778,-0.252,-1.668,0.661,0.745,84.3,6.51,310.6,23.8,1127.1,0.2,0.04398,1.71,0.932,0.4739999999999997,0.5006666666666667,-0.5345,-0.7454613817249796,LOW
DEMO_SYNTHETIC,PT_007,2021-01-25,20.993199,85.208459,1.71,0.932,1.184,1.454,1.0,84.3,6.51,310.6,32.3,1159.4,0.2,0.04398,4.993,3.282,1.1726666666666663,0.6986666666666667,0.381,-0.6583553177035024,LOW
DEMO_SYNTHETIC,PT_007,2021-02-24,20.993199,85.208459,4.993,3.282,2.35,4.244,0.68,84.3,6.51,310.6,54.5,1214.0,0.2,0.04398,3.769,-1.224,2.4936666666666665,1.3206666666666669,1.086,-0.4308547740238798,MODERATE
DEMO_SYNTHETIC,PT_007,2021-03-26,20.993199,85.208459,3.769,-1.224,-4.506,3.204,0.777,84.3,6.51,310.6,32.6,1246.6,0.2,0.04398,6.506,2.737,3.4906666666666664,0.9966666666666668,0.7486666666666667,-0.6552809860321561,LOW
DEMO_SYNTHETIC,PT_007,2021-04-25,20.993199,85.208459,6.506,2.737,3.961,5.53,0.677,84.3,6.51,310.6,12.8,1259.4,0.2,0.04398,5.424,-1.083,5.089333333333333,1.5983333333333334,1.1485,-0.8581868763410088,MODERATE
DEMO_SYNTHETIC,PT_007,2021-05-25,20.993199,85.208459,5.424,-1.083,-3.82,4.61,0.558,84.3,6.51,310.6,41.6,1301.0,0.2,0.04398,2.582,-2.842,5.2330000000000005,0.1433333333333333,0.7319999999999999,-0.5630510358917686,LOW
DEMO_SYNTHETIC,PT_007,2021-06-24,20.993199,85.208459,2.582,-2.842,-1.759,2.194,0.671,84.3,6.51,310.6,243.3,1544.3,0.2,0.04398,5.993,3.411,4.8373333333333335,-0.3960000000000001,0.3003333333333334,1.5039246244766944,MODERATE
DEMO_SYNTHETIC,PT_007,2021-07-24,20.993199,85.208459,5.993,3.411,6.253,5.094,0.628,84.3,6.51,310.6,252.1,1796.4,0.2,0.04398,-0.888,-6.881,4.666333333333333,-0.1713333333333334,0.7134999999999999,1.5941050201695173,MODERATE
DEMO_SYNTHETIC,PT_007,2021-08-23,20.993199,85.208459,-0.888,-6.881,-10.292,-0.755,0.875,84.3,6.51,310.6,221.9,2018.3,0.2,0.04398,3.612,4.5,2.562333333333333,-2.104,-0.9803333333333334,1.2846222985873283,HIGH
DEMO_SYNTHETIC,PT_007,2021-09-22,20.993199,85.208459,3.612,4.5,11.381,3.07,0.851,84.3,6.51,310.6,298.3,2316.5,0.2,0.04398,5.934,2.322,2.905666666666667,0.3433333333333332,-0.0263333333333333,2.0675520975568404,MODERATE
DEMO_SYNTHETIC,PT_007,2021-10-22,20.993199,85.208459,5.934,2.322,-2.178,5.044,0.763,84.3,6.51,310.6,36.3,2352.8,0.2,0.04398,5.34,-0.593,2.886000000000001,-0.0196666666666667,-0.0955,-0.6173642287522191,MODERATE
DEMO_SYNTHETIC,PT_007,2021-11-21,20.993199,85.208459,5.34,-0.593,-2.915,4.539,0.67,84.3,6.51,310.6,30.4,2383.2,0.2,0.04398,7.827,2.486,4.962,2.0763333333333334,-0.0138333333333334,-0.6778260849553621,LOW
DEMO_SYNTHETIC,PT_007,2021-12-21,20.993199,85.208459,7.827,2.486,3.079,6.653,0.698,84.3,6.51,310.6,35.9,2419.1,0.2,0.04398,6.873,-0.953,6.367,1.405,0.8741666666666665,-0.6214633376473474,MODERATE
DEMO_SYNTHETIC,PT_007,2022-01-20,20.993199,85.208459,6.873,-0.953,-3.439,5.842,0.668,84.3,6.51,310.6,34.9,2454.0,0.2,0.04398,7.454,0.58,6.68,0.3133333333333334,0.1468333333333333,-0.6317111098851682,LOW
DEMO_SYNTHETIC,PT_007,2022-02-19,20.993199,85.208459,7.454,0.58,1.533,6.336,0.644,84.3,6.51,310.6,49.1,2503.2,0.2,0.04398,9.96,2.507,7.384666666666667,0.7043333333333335,1.3903333333333334,-0.4861927441081123,LOW
DEMO_SYNTHETIC,PT_007,2022-03-21,20.993199,85.208459,9.96,2.507,1.927,8.466,0.746,84.3,6.51,310.6,47.6,2550.7,0.2,0.04398,9.266,-0.694,8.095666666666668,0.7113333333333335,1.0581666666666667,-0.5015644024648436,MODERATE
DEMO_SYNTHETIC,PT_007,2022-04-20,20.993199,85.208459,9.266,-0.694,-3.201,7.876,0.713,84.3,6.51,310.6,31.5,2582.3,0.2,0.04398,10.687,1.421,8.893333333333333,0.7976666666666667,0.5555000000000001,-0.6665535354937591,LOW
DEMO_SYNTHETIC,PT_007,2022-05-20,20.993199,85.208459,10.687,1.421,2.115,9.084,0.583,84.3,6.51,310.6,45.3,2627.6,0.2,0.04398,8.25,-2.436,9.971,1.078,0.8911666666666668,-0.5251342786118316,LOW
DEMO_SYNTHETIC,PT_007,2022-06-19,20.993199,85.208459,8.25,-2.436,-3.857,7.013,0.604,84.3,6.51,310.6,306.3,2933.9,0.2,0.04398,7.335,-0.915,9.401,-0.5696666666666665,0.0708333333333333,2.149534275459407,MODERATE
DEMO_SYNTHETIC,PT_007,2022-07-19,20.993199,85.208459,7.335,-0.915,1.521,6.235,0.572,84.3,6.51,310.6,203.1,3137.0,0.2,0.04398,9.45,2.115,8.757333333333333,-0.6433333333333332,0.0771666666666666,1.0919641805162963,LOW
DEMO_SYNTHETIC,PT_007,2022-08-18,20.993199,85.208459,9.45,2.115,3.03,8.032,0.827,84.3,6.51,310.6,219.5,3356.5,0.2,0.04398,9.881,0.431,8.345,-0.4119999999999999,0.3330000000000001,1.2600276452165582,MODERATE
DEMO_SYNTHETIC,PT_007,2022-09-17,20.993199,85.208459,9.881,0.431,-1.684,8.399,0.528,84.3,6.51,310.6,121.7,3478.2,0.2,0.04398,8.989,-0.892,8.888666666666667,0.5436666666666667,-0.0129999999999999,0.2577955203576804,LOW
DEMO_SYNTHETIC,PT_007,2022-10-17,20.993199,85.208459,8.989,-0.892,-1.323,7.641,0.524,84.3,6.51,310.6,10.7,3489.0,0.2,0.04398,10.063,1.074,9.44,0.5513333333333333,-0.0459999999999999,-0.8797071980404324,LOW
DEMO_SYNTHETIC,PT_007,2022-11-16,20.993199,85.208459,10.063,1.074,1.966,8.554,0.778,84.3,6.51,310.6,11.9,3500.8,0.2,0.04398,8.188,-1.875,9.644333333333334,0.2043333333333333,-0.1038333333333332,-0.8674098713550474,LOW
DEMO_SYNTHETIC,PT_007,2022-12-16,20.993199,85.208459,8.188,-1.875,-2.949,6.96,0.725,84.3,6.51,310.6,25.6,3526.4,0.2,0.04398,13.486,5.298,9.08,-0.5643333333333334,-0.0103333333333332,-0.7270153916969019,LOW
DEMO_SYNTHETIC,PT_007,2023-01-15,20.993199,85.208459,13.486,5.298,7.173,11.463,0.505,84.3,6.51,310.6,21.9,3548.3,0.2,0.04398,12.301,-1.185,10.579,1.499,1.0251666666666668,-0.7649321489768391,HIGH
DEMO_SYNTHETIC,PT_007,2023-02-14,20.993199,85.208459,12.301,-1.185,-6.483,10.456,0.578,84.3,6.51,310.6,40.8,3589.1,0.2,0.04398,18.969,6.668,11.325,0.746,0.4751666666666667,-0.5712492536820253,LOW
DEMO_SYNTHETIC,PT_007,2023-03-16,20.993199,85.208459,18.969,6.668,7.853,16.123,0.769,84.3,6.51,310.6,63.6,3652.7,0.2,0.04398,11.095,-7.874,14.918666666666669,3.593666666666666,1.5146666666666668,-0.3376000466597102,HIGH
DEMO_SYNTHETIC,PT_007,2023-04-15,20.993199,85.208459,11.095,-7.874,-14.542,9.43,0.832,84.3,6.51,310.6,31.6,3684.3,0.2,0.04398,16.668,5.574,14.121666666666668,-0.797,0.351,-0.6655287582699769,HIGH
DEMO_SYNTHETIC,PT_007,2023-05-15,20.993199,85.208459,16.668,5.574,13.448,14.168,0.558,84.3,6.51,310.6,49.4,3733.6,0.2,0.04398,13.151,-3.517,15.577333333333334,1.4560000000000002,1.101,-0.4831184124367661,HIGH
DEMO_SYNTHETIC,PT_007,2023-06-14,20.993199,85.208459,13.151,-3.517,-9.091,11.178,0.736,84.3,6.51,310.6,213.7,3947.3,0.2,0.04398,13.671,0.52,13.638,-1.939,0.8273333333333334,1.2005905662371972,MODERATE
DEMO_SYNTHETIC,PT_007,2023-07-14,20.993199,85.208459,13.671,0.52,4.037,11.62,0.663,84.3,6.51,310.6,278.0,4225.4,0.2,0.04398,10.28,-3.391,14.496666666666664,0.859,0.0309999999999999,1.8595223211290768,LOW
DEMO_SYNTHETIC,PT_007,2023-08-13,20.993199,85.208459,10.28,-3.391,-3.91,8.738,0.588,84.3,6.51,310.6,161.1,4386.4,0.2,0.04398,8.613,-1.666,12.367333333333333,-2.1293333333333333,-0.3366666666666666,0.6615577465278213,MODERATE
DEMO_SYNTHETIC,PT_007,2023-09-12,20.993199,85.208459,8.613,-1.666,1.725,7.321,0.51,84.3,6.51,310.6,172.8,4559.2,0.2,0.04398,11.505,2.891,10.854666666666668,-1.5123333333333333,-1.725666666666667,0.7814566817103252,LOW
DEMO_SYNTHETIC,PT_007,2023-10-12,20.993199,85.208459,11.505,2.891,4.558,9.779,0.654,84.3,6.51,310.6,51.3,4610.5,0.2,0.04398,11.155,-0.35,10.132666666666667,-0.7220000000000001,0.0685,-0.4636476451849065,MODERATE
DEMO_SYNTHETIC,PT_007,2023-11-11,20.993199,85.208459,11.155,-0.35,-3.241,9.482,0.714,84.3,6.51,310.6,23.6,4634.1,0.2,0.04398,11.155,-0.35,10.424333333333337,0.2916666666666667,-0.9188333333333332,-0.7475109361725436,LOW
DEMO_SYNTHETIC,PT_008,2020-01-01,20.979,85.203054,1.44,0.0,0.0,1.224,0.704,84.4,2.8,324.5,37.1,37.1,0.359,0.03205,2.072,0.631,1.44,0.0,0.0,-0.6211995817746567,LOW
DEMO_SYNTHETIC,PT_008,2020-01-31,20.979,85.203054,2.072,0.631,0.0,1.761,0.643,84.4,2.8,324.5,35.3,72.5,0.359,0.03205,7.33,5.259,1.756,0.3155,0.3155,-0.6372578781170948,LOW
DEMO_SYNTHETIC,PT_008,2020-03-01,20.979,85.203054,7.33,5.259,4.627,6.231,0.857,84.4,2.8,324.5,36.6,109.0,0.359,0.03205,7.314,-0.016,3.614,1.9633333333333336,1.9633333333333336,-0.6256602196475562,HIGH
DEMO_SYNTHETIC,PT_008,2020-03-31,20.979,85.203054,7.314,-0.016,-5.275,6.217,0.582,84.4,2.8,324.5,30.8,139.9,0.359,0.03205,9.904,2.59,5.572,1.958,1.4685,-0.6774036189731897,LOW
DEMO_SYNTHETIC,PT_008,2020-04-30,20.979,85.203054,9.904,2.59,2.606,8.419,0.738,84.4,2.8,324.5,47.9,187.8,0.359,0.03205,0.818,-9.086,8.182666666666668,2.611,1.6928,-0.5248498037200292,MODERATE
DEMO_SYNTHETIC,PT_008,2020-05-30,20.979,85.203054,0.818,-9.086,-11.676,0.695,0.782,84.4,2.8,324.5,33.9,221.7,0.359,0.03205,5.034,4.216,6.0120000000000005,-2.170666666666667,-0.1036666666666666,-0.6497476641612133,HIGH
DEMO_SYNTHETIC,PT_008,2020-06-29,20.979,85.203054,5.034,4.216,13.302,4.279,0.887,84.4,2.8,324.5,313.9,535.6,0.359,0.03205,-0.327,-5.362,5.252,-0.7600000000000001,0.5990000000000001,1.8482095446624676,MODERATE
DEMO_SYNTHETIC,PT_008,2020-07-29,20.979,85.203054,-0.327,-5.362,-9.578,-0.278,0.808,84.4,2.8,324.5,259.7,795.3,0.359,0.03205,2.007,2.334,1.8416666666666663,-3.4106666666666663,-0.3998333333333333,1.3646763992401694,HIGH
DEMO_SYNTHETIC,PT_008,2020-08-28,20.979,85.203054,2.007,2.334,7.696,1.706,0.672,84.4,2.8,324.5,286.4,1081.8,0.359,0.03205,1.186,-0.821,2.238,0.3960000000000001,-0.8873333333333333,1.6028744616529986,MODERATE
DEMO_SYNTHETIC,PT_008,2020-09-27,20.979,85.203054,1.186,-0.821,-3.155,1.008,0.738,84.4,2.8,324.5,221.9,1303.6,0.359,0.03205,0.056,-1.13,0.9553333333333334,-1.283,-1.0215,1.0274521760489723,LOW
DEMO_SYNTHETIC,PT_008,2020-10-27,20.979,85.203054,0.056,-1.13,-0.309,0.048,0.689,84.4,2.8,324.5,15.5,1319.1,0.359,0.03205,6.339,6.283,1.083,0.1276666666666667,-1.6415,-0.8138991378839122,LOW
DEMO_SYNTHETIC,PT_008,2020-11-26,20.979,85.203054,6.339,6.283,7.412,5.388,0.743,84.4,2.8,324.5,14.2,1333.3,0.359,0.03205,6.609,0.27,2.527,1.4440000000000002,0.9200000000000004,-0.8254967963534507,HIGH
DEMO_SYNTHETIC,PT_008,2020-12-26,20.979,85.203054,6.609,0.27,-6.013,5.617,0.684,84.4,2.8,324.5,44.9,1378.2,0.359,0.03205,11.372,4.763,4.334666666666667,1.8076666666666668,0.2623333333333335,-0.5516136309574258,LOW
DEMO_SYNTHETIC,PT_008,2021-01-25,20.979,85.203054,11.372,4.763,4.493,9.666,0.693,84.4,2.8,324.5,29.5,1407.7,0.359,0.03205,12.812,1.44,8.106666666666667,3.772,1.9498333333333333,-0.6890012774427282,MODERATE
DEMO_SYNTHETIC,PT_008,2021-02-24,20.979,85.203054,12.812,1.44,-3.323,10.89,0.559,84.4,2.8,324.5,37.6,1445.4,0.359,0.03205,11.023,-1.79,10.264333333333331,2.157666666666666,1.8008333333333335,-0.6167389439017573,LOW
DEMO_SYNTHETIC,PT_008,2021-03-26,20.979,85.203054,11.023,-1.79,-3.23,9.369,0.53,84.4,2.8,324.5,45.0,1490.3,0.359,0.03205,13.83,2.807,11.735666666666669,1.471,1.6393333333333338,-0.5507215033828459,LOW
DEMO_SYNTHETIC,PT_008,2021-04-25,20.979,85.203054,13.83,2.807,4.596,11.755,0.841,84.4,2.8,324.5,25.9,1516.2,0.359,0.03205,11.5,-2.33,12.555,0.819,2.2955,-0.7211178701276042,MODERATE
DEMO_SYNTHETIC,PT_008,2021-05-25,20.979,85.203054,11.5,-2.33,-5.137,9.775,0.881,84.4,2.8,324.5,3.6,1519.7,0.359,0.03205,12.44,0.94,12.117666666666668,-0.4376666666666667,0.8600000000000002,-0.9200623192589188,MODERATE
DEMO_SYNTHETIC,PT_008,2021-06-24,20.979,85.203054,12.44,0.94,3.27,10.574,0.707,84.4,2.8,324.5,288.3,1808.0,0.359,0.03205,9.672,-2.767,12.589999999999998,0.4723333333333332,0.9716666666666668,1.6198248855700168,LOW
DEMO_SYNTHETIC,PT_008,2021-07-24,20.979,85.203054,9.672,-2.767,-3.707,8.222,0.846,84.4,2.8,324.5,238.8,2046.8,0.359,0.03205,10.355,0.682,11.204,-1.3856666666666666,-0.2833333333333332,1.1782217361529732,MODERATE
DEMO_SYNTHETIC,PT_008,2021-08-23,20.979,85.203054,10.355,0.682,3.45,8.801,0.777,84.4,2.8,324.5,301.3,2348.1,0.359,0.03205,14.428,4.074,10.822333333333331,-0.3816666666666666,-0.4096666666666665,1.735801470265402,LOW
DEMO_SYNTHETIC,PT_008,2021-09-22,20.979,85.203054,14.428,4.074,3.391,12.264,0.573,84.4,2.8,324.5,265.8,2613.9,0.359,0.03205,15.522,1.094,11.485,0.6629999999999999,0.5676666666666668,1.4190961812895424,MODERATE
DEMO_SYNTHETIC,PT_008,2021-10-22,20.979,85.203054,15.522,1.094,-2.979,13.194,0.793,84.4,2.8,324.5,27.1,2641.1,0.359,0.03205,14.055,-1.467,13.435,1.95,0.2821666666666668,-0.7104123392326454,MODERATE
DEMO_SYNTHETIC,PT_008,2021-11-21,20.979,85.203054,14.055,-1.467,-2.561,11.947,0.656,84.4,2.8,324.5,9.9,2650.9,0.359,0.03205,19.158,5.103,14.668333333333337,1.2336666666666665,0.4260000000000001,-0.8638582820603857,LOW
DEMO_SYNTHETIC,PT_008,2021-12-21,20.979,85.203054,19.158,5.103,6.57,16.284,0.809,84.4,2.8,324.5,11.6,2662.5,0.359,0.03205,22.69,3.531,16.245,1.5766666666666664,1.1198333333333337,-0.8486921132925278,HIGH
DEMO_SYNTHETIC,PT_008,2022-01-20,20.979,85.203054,22.69,3.531,-1.571,19.286,0.798,84.4,2.8,324.5,17.9,2680.5,0.359,0.03205,23.721,1.032,18.63433333333333,2.389,2.1695,-0.7924880760939951,MODERATE
DEMO_SYNTHETIC,PT_008,2022-02-19,20.979,85.203054,23.721,1.032,-2.5,20.163,0.788,84.4,2.8,324.5,40.6,2721.1,0.359,0.03205,25.933,2.212,21.856333333333332,3.222,2.2278333333333333,-0.5899751166643608,MODERATE
DEMO_SYNTHETIC,PT_008,2022-03-21,20.979,85.203054,25.933,2.212,1.18,22.043,0.632,84.4,2.8,324.5,36.1,2757.1,0.359,0.03205,28.213,2.28,24.114666666666665,2.2583333333333333,1.9175,-0.6301208575204557,MODERATE
DEMO_SYNTHETIC,PT_008,2022-04-20,20.979,85.203054,28.213,2.28,0.068,23.981,0.846,84.4,2.8,324.5,24.8,2781.9,0.359,0.03205,28.507,0.294,25.95566666666667,1.8413333333333333,2.115166666666666,-0.7309312734479828,MODERATE
DEMO_SYNTHETIC,PT_008,2022-05-20,20.979,85.203054,28.507,0.294,-1.985,24.231,0.663,84.4,2.8,324.5,47.3,2829.2,0.359,0.03205,28.219,-0.288,27.551,1.5953333333333333,2.4086666666666665,-0.5302025691675085,MODERATE
DEMO_SYNTHETIC,PT_008,2022-06-19,20.979,85.203054,28.219,-0.288,-0.583,23.986,0.517,84.4,2.8,324.5,240.0,3069.2,0.359,0.03205,29.061,0.842,28.313,0.7619999999999999,1.5101666666666669,1.1889272670479318,MODERATE
DEMO_SYNTHETIC,PT_008,2022-07-19,20.979,85.203054,29.061,0.842,1.13,24.702,0.804,84.4,2.8,324.5,234.6,3303.8,0.359,0.03205,27.227,-1.834,28.59566666666667,0.2826666666666667,1.0620000000000005,1.140752378020618,MODERATE
DEMO_SYNTHETIC,PT_008,2022-08-18,20.979,85.203054,27.227,-1.834,-2.676,23.143,0.691,84.4,2.8,324.5,264.1,3568.0,0.359,0.03205,23.187,-4.04,28.169,-0.4266666666666667,0.5843333333333335,1.4039300125216845,MODERATE
DEMO_SYNTHETIC,PT_008,2022-09-17,20.979,85.203054,23.187,-4.04,-2.206,19.709,0.679,84.4,2.8,324.5,277.5,3845.5,0.359,0.03205,28.409,5.223,26.49166666666667,-1.6773333333333331,-0.4576666666666666,1.5234751075153892,MODERATE
DEMO_SYNTHETIC,PT_008,2022-10-17,20.979,85.203054,28.409,5.223,9.263,24.148,0.82,84.4,2.8,324.5,18.6,3864.0,0.359,0.03205,31.195,2.785,26.27433333333333,-0.2169999999999999,0.0328333333333333,-0.7862431830719356,HIGH
DEMO_SYNTHETIC,PT_008,2022-11-16,20.979,85.203054,31.195,2.785,-2.437,26.516,0.706,84.4,2.8,324.5,49.1,3913.1,0.359,0.03205,34.321,3.126,27.597,1.3226666666666669,0.4480000000000001,-0.5141442728250706,MODERATE
DEMO_SYNTHETIC,PT_008,2022-12-16,20.979,85.203054,34.321,3.126,0.341,29.173,0.546,84.4,2.8,324.5,21.2,3934.3,0.359,0.03205,36.596,2.274,31.308333333333334,3.7113333333333327,1.017,-0.7630478661328587,MODERATE
DEMO_SYNTHETIC,PT_008,2023-01-15,20.979,85.203054,36.596,2.274,-0.852,31.106,0.858,84.4,2.8,324.5,43.0,3977.3,0.359,0.03205,36.526,-0.07,34.03733333333333,2.728333333333333,1.2556666666666667,-0.5685640548744436,MODERATE
DEMO_SYNTHETIC,PT_008,2023-02-14,20.979,85.203054,36.526,-0.07,-2.344,31.047,0.671,84.4,2.8,324.5,20.8,3998.1,0.359,0.03205,36.471,-0.054,35.81433333333333,1.7766666666666666,1.5496666666666667,-0.7666163764311783,MODERATE
DEMO_SYNTHETIC,PT_008,2023-03-16,20.979,85.203054,36.471,-0.054,0.016,31.001,0.728,84.4,2.8,324.5,23.1,4021.2,0.359,0.03205,38.241,1.769,36.531,0.7166666666666667,2.214,-0.7460974422158408,MODERATE
DEMO_SYNTHETIC,PT_008,2023-04-15,20.979,85.203054,38.241,1.769,1.823,32.505,0.631,84.4,2.8,324.5,32.0,4053.1,0.359,0.03205,36.345,-1.896,37.07933333333333,0.5483333333333332,1.6383333333333334,-0.666698088078231,MODERATE
DEMO_SYNTHETIC,PT_008,2023-05-15,20.979,85.203054,36.345,-1.896,-3.665,30.893,0.718,84.4,2.8,324.5,29.3,4082.4,0.359,0.03205,39.571,3.226,37.019,-0.0603333333333333,0.8581666666666666,-0.690785532591888,MODERATE
DEMO_SYNTHETIC,PT_008,2023-06-14,20.979,85.203054,39.571,3.226,5.122,33.635,0.797,84.4,2.8,324.5,285.2,4367.6,0.359,0.03205,37.656,-1.915,38.05233333333333,1.033,0.8748333333333335,1.5921689307580402,MODERATE
DEMO_SYNTHETIC,PT_008,2023-07-14,20.979,85.203054,37.656,-1.915,-5.141,32.008,0.796,84.4,2.8,324.5,272.9,4640.5,0.359,0.03205,36.925,-0.732,37.85733333333334,-0.195,0.1766666666666666,1.482437239084714,MODERATE
DEMO_SYNTHETIC,PT_008,2023-08-13,20.979,85.203054,36.925,-0.732,1.183,31.386,0.757,84.4,2.8,324.5,204.6,4845.1,0.359,0.03205,38.74,1.815,38.050666666666665,0.1929999999999999,0.0663333333333333,0.873114105646652,MODERATE
DEMO_SYNTHETIC,PT_008,2023-09-12,20.979,85.203054,38.74,1.815,2.547,32.929,0.907,84.4,2.8,324.5,221.2,5066.3,0.359,0.03205,39.264,0.525,37.77366666666666,-0.2773333333333334,0.3778333333333333,1.021207283026913,MODERATE
DEMO_SYNTHETIC,PT_008,2023-10-12,20.979,85.203054,39.264,0.525,-1.291,33.375,0.574,84.4,2.8,324.5,21.0,5087.3,0.359,0.03205,39.566,0.302,38.309666666666665,0.5359999999999999,0.1705,-0.7648321212820185,MODERATE
DEMO_SYNTHETIC,PT_008,2023-11-11,20.979,85.203054,39.566,0.302,-0.223,33.631,0.596,84.4,2.8,324.5,35.7,5123.1,0.359,0.03205,39.566,0.302,39.190000000000005,0.8806666666666666,0.5368333333333334,-0.6336893678187753,MODERATE
DEMO_SYNTHETIC,PT_009,2020-01-01,20.978404,85.193202,0.961,0.0,0.0,0.817,0.598,111.0,4.45,339.1,23.1,23.1,0.263,0.03686,4.006,3.045,0.961,0.0,0.0,-0.7186876338997977,LOW
DEMO_SYNTHETIC,PT_009,2020-01-31,20.978404,85.193202,4.006,3.045,0.0,3.405,0.769,111.0,4.45,339.1,11.3,34.4,0.263,0.03686,3.55,-0.456,2.4835000000000003,1.5225,1.5225,-0.8198694777119936,MODERATE
DEMO_SYNTHETIC,PT_009,2020-03-01,20.978404,85.193202,3.55,-0.456,-3.501,3.018,0.658,111.0,4.45,339.1,25.4,59.8,0.263,0.03686,7.853,4.302,2.839,0.863,0.863,-0.6989657490889458,LOW
DEMO_SYNTHETIC,PT_009,2020-03-31,20.978404,85.193202,7.853,4.302,4.758,6.675,0.694,111.0,4.45,339.1,18.1,77.9,0.263,0.03686,3.927,-3.926,5.136333333333333,2.297,1.72275,-0.761561296532084,MODERATE
DEMO_SYNTHETIC,PT_009,2020-04-30,20.978404,85.193202,3.927,-3.926,-8.228,3.338,0.815,111.0,4.45,339.1,44.0,121.9,0.263,0.03686,4.534,0.608,5.11,-0.0266666666666666,0.593,-0.5394757240968404,MODERATE
DEMO_SYNTHETIC,PT_009,2020-05-30,20.978404,85.193202,4.534,0.608,4.534,3.854,0.532,111.0,4.45,339.1,33.7,155.6,0.263,0.03686,3.237,-1.297,5.438,0.328,0.5955,-0.6277954691193505,LOW
DEMO_SYNTHETIC,PT_009,2020-06-29,20.978404,85.193202,3.237,-1.297,-1.905,2.752,0.698,111.0,4.45,339.1,395.5,551.1,0.263,0.03686,0.683,-2.555,3.899333333333333,-1.538333333333333,0.3793333333333333,2.474542758952894,LOW
DEMO_SYNTHETIC,PT_009,2020-07-29,20.978404,85.193202,0.683,-2.555,-1.258,0.58,0.788,111.0,4.45,339.1,251.9,803.0,0.263,0.03686,-2.114,-2.796,2.818,-1.0813333333333333,-0.554,1.2432111681536284,MODERATE
DEMO_SYNTHETIC,PT_009,2020-08-28,20.978404,85.193202,-2.114,-2.796,-0.242,-1.797,0.644,111.0,4.45,339.1,204.2,1007.2,0.263,0.03686,-0.707,1.407,0.602,-2.216,-0.944,0.834196426641616,MODERATE
DEMO_SYNTHETIC,PT_009,2020-09-27,20.978404,85.193202,-0.707,1.407,4.203,-0.601,0.815,111.0,4.45,339.1,292.2,1299.5,0.263,0.03686,-0.329,0.378,-0.7126666666666667,-1.3146666666666664,-1.4265,1.5887728889698567,LOW
DEMO_SYNTHETIC,PT_009,2020-10-27,20.978404,85.193202,-0.329,0.378,-1.029,-0.279,0.634,111.0,4.45,339.1,24.7,1324.2,0.263,0.03686,3.009,3.338,-1.05,-0.3369999999999997,-0.7091666666666666,-0.704968061857466,LOW
DEMO_SYNTHETIC,PT_009,2020-11-26,20.978404,85.193202,3.009,3.338,2.96,2.558,0.725,111.0,4.45,339.1,10.8,1334.9,0.263,0.03686,2.834,-0.175,0.6576666666666666,1.707666666666667,-0.2541666666666665,-0.8241568439752223,MODERATE
DEMO_SYNTHETIC,PT_009,2020-12-26,20.978404,85.193202,2.834,-0.175,-3.513,2.409,0.735,111.0,4.45,339.1,28.3,1363.3,0.263,0.03686,5.654,2.82,1.838,1.1803333333333337,-0.0671666666666665,-0.6740990247622198,LOW
DEMO_SYNTHETIC,PT_009,2021-01-25,20.978404,85.193202,5.654,2.82,2.995,4.806,0.884,111.0,4.45,339.1,20.3,1383.6,0.263,0.03686,9.369,3.714,3.832333333333333,1.9943333333333333,0.8286666666666669,-0.7426968849738781,MODERATE
DEMO_SYNTHETIC,PT_009,2021-02-24,20.978404,85.193202,9.369,3.714,0.895,7.963,0.678,111.0,4.45,339.1,9.9,1393.5,0.263,0.03686,8.99,-0.379,5.952333333333333,2.119666666666667,1.9136666666666664,-0.8318741032490337,MODERATE
DEMO_SYNTHETIC,PT_009,2021-03-26,20.978404,85.193202,8.99,-0.379,-4.094,7.641,0.742,111.0,4.45,339.1,16.4,1409.9,0.263,0.03686,10.174,1.184,8.004333333333333,2.0516666666666667,1.616,-0.7761383418270613,LOW
DEMO_SYNTHETIC,PT_009,2021-04-25,20.978404,85.193202,10.174,1.184,1.563,8.648,0.624,111.0,4.45,339.1,65.8,1475.8,0.263,0.03686,5.495,-4.679,9.511,1.5063333333333333,1.7503333333333335,-0.3525465550200717,LOW
DEMO_SYNTHETIC,PT_009,2021-05-25,20.978404,85.193202,5.495,-4.679,-5.863,4.671,0.76,111.0,4.45,339.1,29.5,1505.2,0.263,0.03686,8.646,3.151,8.219666666666667,-1.2913333333333334,0.4141666666666667,-0.663809345730471,MODERATE
DEMO_SYNTHETIC,PT_009,2021-06-24,20.978404,85.193202,8.646,3.151,7.83,7.349,0.655,111.0,4.45,339.1,283.5,1788.7,0.263,0.03686,13.419,4.773,8.104999999999999,-0.1146666666666667,0.9685,1.5141727159896785,MODERATE
DEMO_SYNTHETIC,PT_009,2021-07-24,20.978404,85.193202,13.419,4.773,1.623,11.406,0.693,111.0,4.45,339.1,267.5,2056.2,0.263,0.03686,5.835,-7.584,9.186666666666667,1.0816666666666663,1.2939999999999998,1.376976995566362,MODERATE
DEMO_SYNTHETIC,PT_009,2021-08-23,20.978404,85.193202,5.835,-7.584,-12.357,4.96,0.758,111.0,4.45,339.1,215.7,2271.9,0.263,0.03686,4.68,-1.155,9.3,0.1133333333333332,-0.5890000000000001,0.9328058506958748,HIGH
DEMO_SYNTHETIC,PT_009,2021-09-22,20.978404,85.193202,4.68,-1.155,6.428,3.978,0.595,111.0,4.45,339.1,305.0,2576.9,0.263,0.03686,8.145,3.465,7.977999999999999,-1.322,-0.7183333333333334,1.69852946530851,LOW
DEMO_SYNTHETIC,PT_009,2021-10-22,20.978404,85.193202,8.145,3.465,4.621,6.923,0.66,111.0,4.45,339.1,46.5,2623.4,0.263,0.03686,10.004,1.859,6.219999999999999,-1.7580000000000002,-0.3381666666666668,-0.5180388927806973,MODERATE
DEMO_SYNTHETIC,PT_009,2021-11-21,20.978404,85.193202,10.004,1.859,-1.606,8.503,0.624,111.0,4.45,339.1,32.0,2655.4,0.263,0.03686,12.007,2.003,7.609666666666665,1.3896666666666666,0.7515,-0.6423725144143279,LOW
DEMO_SYNTHETIC,PT_009,2021-12-21,20.978404,85.193202,12.007,2.003,0.144,10.206,0.614,111.0,4.45,339.1,35.5,2690.9,0.263,0.03686,12.549,0.542,10.051999999999998,2.442333333333333,0.5601666666666666,-0.6123609505717273,MODERATE
DEMO_SYNTHETIC,PT_009,2022-01-20,20.978404,85.193202,12.549,0.542,-1.461,10.667,0.705,111.0,4.45,339.1,38.7,2729.6,0.263,0.03686,16.273,3.724,11.519999999999998,1.468,-0.145,-0.584921806487064,LOW
DEMO_SYNTHETIC,PT_009,2022-02-19,20.978404,85.193202,16.273,3.724,3.182,13.832,0.803,111.0,4.45,339.1,53.3,2782.9,0.263,0.03686,16.784,0.511,13.609666666666664,2.0896666666666666,1.7396666666666665,-0.4597307116007877,MODERATE
DEMO_SYNTHETIC,PT_009,2022-03-21,20.978404,85.193202,16.784,0.511,-3.213,14.266,0.594,111.0,4.45,339.1,38.6,2821.5,0.263,0.03686,16.477,-0.307,15.201999999999998,1.5923333333333334,2.017333333333333,-0.5857792797397098,MODERATE
DEMO_SYNTHETIC,PT_009,2022-04-20,20.978404,85.193202,16.477,-0.307,-0.818,14.005,0.729,111.0,4.45,339.1,0.0,2821.5,0.263,0.03686,18.387,1.91,16.51133333333333,1.3093333333333337,1.3886666666666665,-0.9167639552609608,MODERATE
DEMO_SYNTHETIC,PT_009,2022-05-20,20.978404,85.193202,18.387,1.91,2.217,15.629,0.641,111.0,4.45,339.1,39.4,2861.0,0.263,0.03686,18.15,-0.237,17.215999999999998,0.7046666666666667,1.3971666666666664,-0.5789194937185439,MODERATE
DEMO_SYNTHETIC,PT_009,2022-06-19,20.978404,85.193202,18.15,-0.237,-2.148,15.427,0.802,111.0,4.45,339.1,224.1,3085.0,0.263,0.03686,18.207,0.057,17.671333333333333,0.4553333333333332,1.0238333333333334,1.0048336039181158,MODERATE
DEMO_SYNTHETIC,PT_009,2022-07-19,20.978404,85.193202,18.207,0.057,0.294,15.476,0.691,111.0,4.45,339.1,324.7,3409.7,0.263,0.03686,14.868,-3.339,18.248,0.5766666666666667,0.943,1.8674516960797185,MODERATE
DEMO_SYNTHETIC,PT_009,2022-08-18,20.978404,85.193202,14.868,-3.339,-3.397,12.638,0.694,111.0,4.45,339.1,226.7,3636.4,0.263,0.03686,13.385,-1.483,17.075,-1.173,-0.2341666666666667,1.0271279084869047,MODERATE
DEMO_SYNTHETIC,PT_009,2022-09-17,20.978404,85.193202,13.385,-1.483,1.856,11.377,0.744,111.0,4.45,339.1,195.0,3831.4,0.263,0.03686,17.864,4.48,15.486666666666665,-1.5883333333333332,-0.5665000000000001,0.7553088873982091,LOW
DEMO_SYNTHETIC,PT_009,2022-10-17,20.978404,85.193202,17.864,4.48,5.963,15.185,0.681,111.0,4.45,339.1,0.0,3831.4,0.263,0.03686,19.936,2.072,15.372333333333332,-0.1139999999999998,0.2313333333333333,-0.9167639552609608,MODERATE
DEMO_SYNTHETIC,PT_009,2022-11-16,20.978404,85.193202,19.936,2.072,-2.408,16.946,0.698,111.0,4.45,339.1,30.0,3861.4,0.263,0.03686,22.042,2.106,17.061666666666664,1.6896666666666669,0.2583333333333333,-0.6595219794672423,MODERATE
DEMO_SYNTHETIC,PT_009,2022-12-16,20.978404,85.193202,22.042,2.106,0.035,18.736,0.512,111.0,4.45,339.1,5.2,3866.6,0.263,0.03686,20.547,-1.496,19.947333333333333,2.886000000000001,0.6488333333333334,-0.872175346123383,MODERATE
DEMO_SYNTHETIC,PT_009,2023-01-15,20.978404,85.193202,20.547,-1.496,-3.602,17.465,0.79,111.0,4.45,339.1,38.6,3905.3,0.263,0.03686,25.577,5.03,20.841666666666665,0.8940000000000002,0.39,-0.5857792797397098,MODERATE
DEMO_SYNTHETIC,PT_009,2023-02-14,20.978404,85.193202,25.577,5.03,6.526,21.74,0.709,111.0,4.45,339.1,35.7,3941.0,0.263,0.03686,24.993,-0.584,22.722,1.88,1.7848333333333333,-0.6106460040664359,HIGH
DEMO_SYNTHETIC,PT_009,2023-03-16,20.978404,85.193202,24.993,-0.584,-5.614,21.244,0.687,111.0,4.45,339.1,29.2,3970.2,0.263,0.03686,25.568,0.575,23.70566666666667,0.9833333333333338,1.9346666666666668,-0.6663817654884082,MODERATE
DEMO_SYNTHETIC,PT_009,2023-04-15,20.978404,85.193202,25.568,0.575,1.159,21.733,0.698,111.0,4.45,339.1,29.1,3999.3,0.263,0.03686,25.538,-0.031,25.37933333333333,1.6736666666666673,1.2838333333333334,-0.667239238741054,MODERATE
DEMO_SYNTHETIC,PT_009,2023-05-15,20.978404,85.193202,25.538,-0.031,-0.606,21.707,0.811,111.0,4.45,339.1,7.8,4007.0,0.263,0.03686,23.915,-1.622,25.366333333333333,-0.0133333333333328,0.9333333333333336,-0.8498810415545941,MODERATE
DEMO_SYNTHETIC,PT_009,2023-06-14,20.978404,85.193202,23.915,-1.622,-1.592,20.328,0.699,111.0,4.45,339.1,233.2,4240.2,0.263,0.03686,23.359,-0.556,25.007,-0.359333333333333,0.3120000000000001,1.0828636699088772,MODERATE
DEMO_SYNTHETIC,PT_009,2023-07-14,20.978404,85.193202,23.359,-0.556,1.066,19.855,0.679,111.0,4.45,339.1,237.9,4478.1,0.263,0.03686,21.304,-2.055,24.270666666666667,-0.736333333333333,0.4686666666666667,1.1231649127832266,MODERATE
DEMO_SYNTHETIC,PT_009,2023-08-13,20.978404,85.193202,21.304,-2.055,-1.498,18.109,0.717,111.0,4.45,339.1,286.8,4764.9,0.263,0.03686,21.241,-0.063,22.859333333333336,-1.4109999999999996,-0.7121666666666666,1.5424693333269877,MODERATE
DEMO_SYNTHETIC,PT_009,2023-09-12,20.978404,85.193202,21.241,-0.063,1.991,18.055,0.697,111.0,4.45,339.1,278.9,5043.8,0.263,0.03686,23.212,1.971,21.968,-0.891333333333333,-0.6253333333333334,1.4747289463679747,MODERATE
DEMO_SYNTHETIC,PT_009,2023-10-12,20.978404,85.193202,23.212,1.971,2.034,19.73,0.663,111.0,4.45,339.1,42.7,5086.5,0.263,0.03686,23.69,0.479,21.919,-0.0489999999999995,-0.3926666666666666,-0.5506228763812349,MODERATE
DEMO_SYNTHETIC,PT_009,2023-11-11,20.978404,85.193202,23.69,0.479,-1.492,20.137,0.77,111.0,4.45,339.1,45.5,5132.0,0.263,0.03686,23.69,0.479,22.71433333333333,0.7956666666666671,-0.3076666666666667,-0.5266136253071545,MODERATE
DEMO_SYNTHETIC,PT_010,2020-01-01,20.953483,85.211906,1.481,0.0,0.0,1.259,0.817,100.7,9.77,175.3,37.3,37.3,0.881,0.00593,2.899,1.418,1.481,0.0,0.0,-0.6325330161052881,LOW
DEMO_SYNTHETIC,PT_010,2020-01-31,20.953483,85.211906,2.899,1.418,0.0,2.464,0.629,100.7,9.77,175.3,1.6,38.9,0.881,0.00593,9.539,6.641,2.19,0.709,0.709,-0.9870759234708584,LOW
DEMO_SYNTHETIC,PT_010,2020-03-01,20.953483,85.211906,9.539,6.641,5.222,8.108,0.68,100.7,9.77,175.3,31.6,70.5,0.881,0.00593,7.63,-1.91,4.639666666666667,2.686333333333333,2.686333333333333,-0.6891407071972699,HIGH
DEMO_SYNTHETIC,PT_010,2020-03-31,20.953483,85.211906,7.63,-1.91,-8.55,6.485,0.777,100.7,9.77,175.3,40.6,111.1,0.881,0.00593,6.509,-1.121,6.689333333333333,2.0496666666666665,1.53725,-0.5997601423151933,LOW
DEMO_SYNTHETIC,PT_010,2020-04-30,20.953483,85.211906,6.509,-1.121,0.789,5.532,0.775,100.7,9.77,175.3,0.0,111.1,0.881,0.00593,7.697,1.189,7.892666666666666,1.2033333333333334,1.0056,-1.0029658016721164,LOW
DEMO_SYNTHETIC,PT_010,2020-05-30,20.953483,85.211906,7.697,1.189,2.31,6.543,0.773,100.7,9.77,175.3,50.5,161.6,0.881,0.00593,4.514,-3.184,7.278666666666666,-0.614,1.036166666666667,-0.5014415209449091,LOW
DEMO_SYNTHETIC,PT_010,2020-06-29,20.953483,85.211906,4.514,-3.184,-4.373,3.837,0.549,100.7,9.77,175.3,200.3,361.9,0.881,0.00593,1.509,-3.005,6.240000000000001,-1.0386666666666666,0.5055000000000001,0.986248325647876,MODERATE
DEMO_SYNTHETIC,PT_010,2020-07-29,20.953483,85.211906,1.509,-3.005,0.179,1.283,0.611,100.7,9.77,175.3,210.4,572.3,0.881,0.00593,1.809,0.3,4.573333333333333,-1.6666666666666667,-0.2316666666666665,1.0865531817933174,MODERATE
DEMO_SYNTHETIC,PT_010,2020-08-28,20.953483,85.211906,1.809,0.3,3.304,1.537,0.739,100.7,9.77,175.3,185.6,757.9,0.881,0.00593,4.842,3.033,2.6106666666666665,-1.963,-1.2884999999999998,0.8402600696738176,LOW
DEMO_SYNTHETIC,PT_010,2020-09-27,20.953483,85.211906,4.842,3.033,2.733,4.115,0.625,100.7,9.77,175.3,261.9,1019.8,0.881,0.00593,2.02,-2.822,2.72,0.1093333333333332,-0.4646666666666666,1.5980086363963109,MODERATE
DEMO_SYNTHETIC,PT_010,2020-10-27,20.953483,85.211906,2.02,-2.822,-5.855,1.717,0.425,100.7,9.77,175.3,36.5,1056.4,0.881,0.00593,3.667,1.647,2.890333333333333,0.1703333333333332,-0.7481666666666666,-0.6404779552059171,MODERATE
DEMO_SYNTHETIC,PT_010,2020-11-26,20.953483,85.211906,3.667,1.647,4.469,3.117,0.84,100.7,9.77,175.3,23.3,1079.7,0.881,0.00593,9.302,5.635,3.5096666666666665,0.6193333333333332,-0.6718333333333333,-0.771569450366296,LOW
DEMO_SYNTHETIC,PT_010,2020-12-26,20.953483,85.211906,9.302,5.635,3.988,7.906,0.586,100.7,9.77,175.3,25.8,1105.4,0.881,0.00593,13.835,4.534,4.996333333333333,1.4866666666666664,0.798,-0.7467415156768303,HIGH
DEMO_SYNTHETIC,PT_010,2021-01-25,20.953483,85.211906,13.835,4.534,-1.101,11.76,0.515,100.7,9.77,175.3,26.4,1131.8,0.881,0.00593,14.918,1.083,8.934666666666667,3.9386666666666654,2.0545,-0.7407828113513585,MODERATE
DEMO_SYNTHETIC,PT_010,2021-02-24,20.953483,85.211906,14.918,1.083,-3.451,12.681,0.721,100.7,9.77,175.3,34.2,1166.0,0.881,0.00593,16.766,1.848,12.685,3.750666666666666,2.185,-0.6633196551202255,LOW
DEMO_SYNTHETIC,PT_010,2021-03-26,20.953483,85.211906,16.766,1.848,0.765,14.251,0.665,100.7,9.77,175.3,51.8,1217.8,0.881,0.00593,18.774,2.008,15.173,2.488333333333333,1.9875,-0.4885309949063869,MODERATE
DEMO_SYNTHETIC,PT_010,2021-04-25,20.953483,85.211906,18.774,2.008,0.16,15.958,0.743,100.7,9.77,175.3,8.3,1226.1,0.881,0.00593,20.222,1.448,16.819333333333333,1.646333333333333,2.7925000000000004,-0.9205370585030904,MODERATE
DEMO_SYNTHETIC,PT_010,2021-05-25,20.953483,85.211906,20.222,1.448,-0.56,17.189,0.57,100.7,9.77,175.3,60.4,1286.5,0.881,0.00593,19.322,-0.9,18.587333333333333,1.7679999999999996,2.7593333333333336,-0.4031228995746249,MODERATE
DEMO_SYNTHETIC,PT_010,2021-06-24,20.953483,85.211906,19.322,-0.9,-2.348,16.423,0.78,100.7,9.77,175.3,286.6,1573.1,0.881,0.00593,19.297,-0.024,19.43933333333333,0.8519999999999998,1.6701666666666668,1.8433086311282325,MODERATE
DEMO_SYNTHETIC,PT_010,2021-07-24,20.953483,85.211906,19.297,-0.024,0.876,16.403,0.736,100.7,9.77,175.3,184.2,1757.3,0.881,0.00593,15.221,-4.076,19.613666666666667,0.1746666666666663,0.9105000000000002,0.8263564262477168,MODERATE
DEMO_SYNTHETIC,PT_010,2021-08-23,20.953483,85.211906,15.221,-4.076,-4.052,12.938,0.905,100.7,9.77,175.3,223.2,1980.5,0.881,0.00593,20.802,5.581,17.94666666666667,-1.666666666666667,0.0506666666666668,1.2136722074033817,MODERATE
DEMO_SYNTHETIC,PT_010,2021-09-22,20.953483,85.211906,20.802,5.581,9.657,17.682,0.611,100.7,9.77,175.3,265.3,2245.8,0.881,0.00593,18.829,-1.974,18.44,0.4936666666666666,0.6728333333333336,1.6317746275739844,HIGH
DEMO_SYNTHETIC,PT_010,2021-10-22,20.953483,85.211906,18.829,-1.974,-7.555,16.004,0.829,100.7,9.77,175.3,55.0,2300.7,0.881,0.00593,23.519,4.69,18.284,-0.1563333333333335,0.0091666666666669,-0.4567512385038708,MODERATE
DEMO_SYNTHETIC,PT_010,2021-11-21,20.953483,85.211906,23.519,4.69,6.664,19.991,0.728,100.7,9.77,175.3,35.0,2335.7,0.881,0.00593,28.895,5.376,21.05,2.7656666666666667,0.5495000000000004,-0.6553747160195965,MODERATE
DEMO_SYNTHETIC,PT_010,2021-12-21,20.953483,85.211906,28.895,5.376,0.686,24.56,0.861,100.7,9.77,175.3,17.4,2353.1,0.881,0.00593,30.359,1.465,23.747666666666664,2.697333333333333,1.5955000000000006,-0.8301633762334351,HIGH
DEMO_SYNTHETIC,PT_010,2022-01-20,20.953483,85.211906,30.359,1.465,-3.911,25.806,0.759,100.7,9.77,175.3,32.2,2385.3,0.881,0.00593,36.08,5.721,27.591,3.843666666666667,1.8436666666666672,-0.6831820028717981,MODERATE
DEMO_SYNTHETIC,PT_010,2022-02-19,20.953483,85.211906,36.08,5.721,4.256,30.668,0.663,100.7,9.77,175.3,33.7,2419.0,0.881,0.00593,36.677,0.597,31.778,4.187333333333333,3.4765,-0.6682852420581187,HIGH
DEMO_SYNTHETIC,PT_010,2022-03-21,20.953483,85.211906,36.677,0.597,-5.124,31.176,0.732,100.7,9.77,175.3,29.7,2448.6,0.881,0.00593,37.468,0.791,34.37199999999999,2.594333333333333,2.645833333333334,-0.7080099375612637,MODERATE
DEMO_SYNTHETIC,PT_010,2022-04-20,20.953483,85.211906,37.468,0.791,0.194,31.848,0.546,100.7,9.77,175.3,14.7,2463.4,0.881,0.00593,32.929,-4.539,36.74166666666667,2.3696666666666664,3.106666666666668,-0.856977545698058,MODERATE
DEMO_SYNTHETIC,PT_010,2022-05-20,20.953483,85.211906,32.929,-4.539,-5.33,27.99,0.924,100.7,9.77,175.3,16.8,2480.2,0.881,0.00593,39.174,6.245,35.69133333333334,-1.0503333333333336,1.5685000000000002,-0.8361220805589069,MODERATE
DEMO_SYNTHETIC,PT_010,2022-06-19,20.953483,85.211906,39.174,6.245,10.784,33.298,0.732,100.7,9.77,175.3,220.5,2700.6,0.881,0.00593,35.374,-3.8,36.52366666666667,0.8323333333333331,1.7133333333333336,1.186858037938759,HIGH
DEMO_SYNTHETIC,PT_010,2022-07-19,20.953483,85.211906,35.374,-3.8,-10.044,30.068,0.684,100.7,9.77,175.3,205.7,2906.3,0.881,0.00593,39.035,3.66,35.82566666666667,-0.6980000000000001,0.8358333333333338,1.0398766645771218,MODERATE
DEMO_SYNTHETIC,PT_010,2022-08-18,20.953483,85.211906,39.035,3.66,7.46,33.179,0.671,100.7,9.77,175.3,284.1,3190.4,0.881,0.00593,37.051,-1.984,37.861,2.035,0.4923333333333337,1.8184806964387668,MODERATE
DEMO_SYNTHETIC,PT_010,2022-09-17,20.953483,85.211906,37.051,-1.984,-5.644,31.493,0.935,100.7,9.77,175.3,215.8,3406.2,0.881,0.00593,42.851,5.8,37.153333333333336,-0.7080000000000002,0.062166666666667,1.1401815207225634,MODERATE
DEMO_SYNTHETIC,PT_010,2022-10-17,20.953483,85.211906,42.851,5.8,7.784,36.424,0.543,100.7,9.77,175.3,33.9,3440.1,0.881,0.00593,45.423,2.571,39.64566666666667,2.4919999999999995,0.8970000000000004,-0.6662990072829613,HIGH
DEMO_SYNTHETIC,PT_010,2022-11-16,20.953483,85.211906,45.423,2.571,-3.229,38.609,0.767,100.7,9.77,175.3,45.9,3486.0,0.881,0.00593,46.472,1.049,41.775000000000006,2.129,2.0820000000000003,-0.547124920773526,HIGH
DEMO_SYNTHETIC,PT_010,2022-12-16,20.953483,85.211906,46.472,1.049,-1.522,39.501,0.76,100.7,9.77,175.3,24.2,3510.2,0.881,0.00593,50.495,4.023,44.91533333333333,3.1399999999999992,1.2160000000000004,-0.7626313938780883,HIGH
DEMO_SYNTHETIC,PT_010,2023-01-15,20.953483,85.211906,50.495,4.023,2.974,42.921,0.88,100.7,9.77,175.3,22.7,3532.9,0.881,0.00593,50.745,0.25,47.46333333333333,2.5476666666666663,2.5198333333333336,-0.7775281546917677,HIGH
DEMO_SYNTHETIC,PT_010,2023-02-14,20.953483,85.211906,50.745,0.25,-3.774,43.133,0.673,100.7,9.77,175.3,55.8,3588.7,0.881,0.00593,54.985,4.241,49.23733333333333,1.7739999999999998,1.9515,-0.4488062994032418,HIGH
DEMO_SYNTHETIC,PT_010,2023-03-16,20.953483,85.211906,54.985,4.241,3.991,46.738,0.817,100.7,9.77,175.3,53.4,3642.1,0.881,0.00593,51.602,-3.384,52.075,2.838,2.9890000000000003,-0.4726411167051289,HIGH
DEMO_SYNTHETIC,PT_010,2023-04-15,20.953483,85.211906,51.602,-3.384,-7.625,43.861,0.749,100.7,9.77,175.3,14.5,3656.6,0.881,0.00593,54.646,3.044,52.444,0.3689999999999996,1.4583333333333333,-0.8589637804732153,HIGH
DEMO_SYNTHETIC,PT_010,2023-05-15,20.953483,85.211906,54.646,3.044,6.428,46.449,0.857,100.7,9.77,175.3,46.5,3703.1,0.881,0.00593,52.419,-2.227,53.74433333333334,1.300333333333333,1.5371666666666668,-0.5411662164480543,HIGH
DEMO_SYNTHETIC,PT_010,2023-06-14,20.953483,85.211906,52.419,-2.227,-5.271,44.556,0.882,100.7,9.77,175.3,239.9,3942.9,0.881,0.00593,55.33,2.911,52.889,-0.8556666666666669,0.9911666666666668,1.3795228111290128,HIGH
DEMO_SYNTHETIC,PT_010,2023-07-14,20.953483,85.211906,55.33,2.911,5.138,47.031,0.631,100.7,9.77,175.3,289.5,4232.4,0.881,0.00593,54.18,-1.15,54.13166666666666,1.2426666666666664,0.8058333333333336,1.8721090353680123,HIGH
DEMO_SYNTHETIC,PT_010,2023-08-13,20.953483,85.211906,54.18,-1.15,-4.062,46.053,0.765,100.7,9.77,175.3,326.3,4558.7,0.881,0.00593,55.075,0.895,53.976333333333336,-0.1553333333333335,0.5725000000000003,2.237576233996948,HIGH
DEMO_SYNTHETIC,PT_010,2023-09-12,20.953483,85.211906,55.075,0.895,2.045,46.814,0.664,100.7,9.77,175.3,179.2,4737.9,0.881,0.00593,53.956,-1.119,54.86166666666666,0.8853333333333331,0.0148333333333336,0.7767005568687854,HIGH
DEMO_SYNTHETIC,PT_010,2023-10-12,20.953483,85.211906,53.956,-1.119,-2.014,45.863,0.715,100.7,9.77,175.3,49.2,4787.1,0.881,0.00593,55.902,1.946,54.40366666666667,-0.4580000000000002,0.3923333333333336,-0.5143520469834313,HIGH
DEMO_SYNTHETIC,PT_010,2023-11-11,20.953483,85.211906,55.902,1.946,3.065,47.516,0.797,100.7,9.77,175.3,60.2,4847.4,0.881,0.00593,55.902,1.946,54.97766666666666,0.5739999999999997,0.2093333333333336,-0.4051091343497821,HIGH
DEMO_SYNTHETIC,PT_011,2020-01-01,20.967908,85.17147,-0.73,0.0,0.0,-0.62,0.67,99.5,3.11,90.0,25.7,25.7,0.2,0.04865,2.371,3.101,-0.73,0.0,0.0,-0.7285332377262324,LOW
DEMO_SYNTHETIC,PT_011,2020-01-31,20.967908,85.17147,2.371,3.101,0.0,2.016,0.617,99.5,3.11,90.0,43.1,68.8,0.2,0.04865,1.98,-0.392,0.8205,1.5505,1.5505,-0.5714233303831692,MODERATE
DEMO_SYNTHETIC,PT_011,2020-03-01,20.967908,85.17147,1.98,-0.392,-3.493,1.683,0.714,99.5,3.11,90.0,43.5,112.3,0.2,0.04865,2.687,0.708,1.207,0.903,0.903,-0.5678116083752827,LOW
DEMO_SYNTHETIC,PT_011,2020-03-31,20.967908,85.17147,2.687,0.708,1.099,2.284,0.634,99.5,3.11,90.0,24.4,136.7,0.2,0.04865,2.534,-0.153,2.346,1.139,0.85425,-0.7402713342518635,LOW
DEMO_SYNTHETIC,PT_011,2020-04-30,20.967908,85.17147,2.534,-0.153,-0.861,2.154,0.879,99.5,3.11,90.0,48.3,184.9,0.2,0.04865,1.181,-1.354,2.4003333333333328,0.0543333333333333,0.6527999999999999,-0.5244709442806447,LOW
DEMO_SYNTHETIC,PT_011,2020-05-30,20.967908,85.17147,1.181,-1.354,-1.201,1.003,0.692,99.5,3.11,90.0,9.3,194.2,0.2,0.04865,5.267,4.086,2.134,-0.2663333333333333,0.3183333333333333,-0.8766138400495792,LOW
DEMO_SYNTHETIC,PT_011,2020-06-29,20.967908,85.17147,5.267,4.086,5.44,4.477,0.762,99.5,3.11,90.0,283.3,477.6,0.2,0.04865,2.0,-3.267,2.994,0.8596666666666667,0.9993333333333334,1.5974157353526794,MODERATE
DEMO_SYNTHETIC,PT_011,2020-07-29,20.967908,85.17147,2.0,-3.267,-7.353,1.7,0.68,99.5,3.11,90.0,267.5,745.1,0.2,0.04865,-1.978,-3.978,2.8160000000000003,-0.1783333333333332,-0.0619999999999999,1.4547527160411622,MODERATE
DEMO_SYNTHETIC,PT_011,2020-08-28,20.967908,85.17147,-1.978,-3.978,-0.711,-1.681,0.619,99.5,3.11,90.0,354.4,1099.5,0.2,0.04865,-2.227,-0.249,1.7630000000000006,-1.053,-0.6596666666666666,2.239399322254506,MODERATE
DEMO_SYNTHETIC,PT_011,2020-09-27,20.967908,85.17147,-2.227,-0.249,3.729,-1.893,0.682,99.5,3.11,90.0,305.2,1404.7,0.2,0.04865,-0.327,1.9,-0.7349999999999998,-2.498,-0.8191666666666665,1.7951575152844654,LOW
DEMO_SYNTHETIC,PT_011,2020-10-27,20.967908,85.17147,-0.327,1.9,2.149,-0.278,0.571,99.5,3.11,90.0,51.8,1456.5,0.2,0.04865,1.187,1.514,-1.5106666666666664,-0.775666666666667,-0.477,-0.4928683767116377,LOW
DEMO_SYNTHETIC,PT_011,2020-11-26,20.967908,85.17147,1.187,1.514,-0.386,1.009,0.845,99.5,3.11,90.0,27.9,1484.3,0.2,0.04865,3.256,2.069,-0.4556666666666664,1.055,0.001,-0.7086687666828566,LOW
DEMO_SYNTHETIC,PT_011,2020-12-26,20.967908,85.17147,3.256,2.069,0.555,2.768,0.729,99.5,3.11,90.0,24.5,1508.8,0.2,0.04865,7.659,4.402,1.372,1.8276666666666668,-0.3351666666666666,-0.7393684037498919,MODERATE
DEMO_SYNTHETIC,PT_011,2021-01-25,20.967908,85.17147,7.659,4.402,2.333,6.51,0.524,99.5,3.11,90.0,20.4,1529.2,0.2,0.04865,5.168,-2.491,4.034,2.661666666666666,0.943,-0.7763885543307286,MODERATE
DEMO_SYNTHETIC,PT_011,2021-02-24,20.967908,85.17147,5.168,-2.491,-6.893,4.393,0.736,99.5,3.11,90.0,40.9,1570.1,0.2,0.04865,10.016,4.849,5.361000000000001,1.3266666666666664,1.1908333333333332,-0.5912878014265451,MODERATE
DEMO_SYNTHETIC,PT_011,2021-03-26,20.967908,85.17147,10.016,4.849,7.339,8.514,0.693,99.5,3.11,90.0,26.0,1596.1,0.2,0.04865,8.065,-1.952,7.6143333333333345,2.2533333333333334,2.0405,-0.7258244462203175,MODERATE
DEMO_SYNTHETIC,PT_011,2021-04-25,20.967908,85.17147,8.065,-1.952,-6.8,6.855,0.916,99.5,3.11,90.0,36.0,1632.2,0.2,0.04865,3.03,-5.035,7.749666666666667,0.1353333333333332,1.3985,-0.6355313960231548,LOW
DEMO_SYNTHETIC,PT_011,2021-05-25,20.967908,85.17147,3.03,-5.035,-3.083,2.575,0.726,99.5,3.11,90.0,25.3,1657.5,0.2,0.04865,8.317,5.288,7.037000000000002,-0.7126666666666668,0.3070000000000001,-0.7321449597341189,HIGH
DEMO_SYNTHETIC,PT_011,2021-06-24,20.967908,85.17147,8.317,5.288,10.322,7.07,0.675,99.5,3.11,90.0,222.4,1879.9,0.2,0.04865,0.58,-7.737,6.470666666666666,-0.5663333333333332,0.8435000000000001,1.0475310596519585,HIGH
DEMO_SYNTHETIC,PT_011,2021-07-24,20.967908,85.17147,0.58,-7.737,-13.025,0.493,0.579,99.5,3.11,90.0,241.2,2121.1,0.2,0.04865,6.511,5.931,3.975666666666667,-2.494666666666667,-1.1796666666666666,1.217281994022624,HIGH
DEMO_SYNTHETIC,PT_011,2021-08-23,20.967908,85.17147,6.511,5.931,13.668,5.534,0.689,99.5,3.11,90.0,193.5,2314.6,0.2,0.04865,0.226,-6.285,5.136,1.1606666666666667,0.224,0.7865841445821581,HIGH
DEMO_SYNTHETIC,PT_011,2021-09-22,20.967908,85.17147,0.226,-6.285,-12.216,0.192,0.706,99.5,3.11,90.0,333.5,2648.1,0.2,0.04865,1.48,1.254,2.4390000000000005,-2.6970000000000005,-1.6316666666666666,2.050686847342436,HIGH
DEMO_SYNTHETIC,PT_011,2021-10-22,20.967908,85.17147,1.48,1.254,7.539,1.258,0.689,99.5,3.11,90.0,33.6,2681.7,0.2,0.04865,9.599,8.119,2.7390000000000008,0.3,-1.0973333333333333,-0.6572017280704737,LOW
DEMO_SYNTHETIC,PT_011,2021-11-21,20.967908,85.17147,9.599,8.119,6.865,8.159,0.551,99.5,3.11,90.0,17.8,2699.5,0.2,0.04865,9.752,0.153,3.7683333333333344,1.029333333333333,1.095,-0.7998647473819909,HIGH
DEMO_SYNTHETIC,PT_011,2021-12-21,20.967908,85.17147,9.752,0.153,-7.966,8.289,0.623,99.5,3.11,90.0,48.2,2747.7,0.2,0.04865,9.141,-0.611,6.943666666666668,3.175333333333334,0.2391666666666666,-0.5253738747826162,LOW
DEMO_SYNTHETIC,PT_011,2022-01-20,20.967908,85.17147,9.141,-0.611,-0.764,7.769,0.881,99.5,3.11,90.0,37.9,2785.5,0.2,0.04865,12.779,3.638,9.497333333333335,2.5536666666666665,1.4268333333333334,-0.6183757164856939,LOW
DEMO_SYNTHETIC,PT_011,2022-02-19,20.967908,85.17147,12.779,3.638,4.249,10.862,0.615,99.5,3.11,90.0,44.4,2829.9,0.2,0.04865,11.54,-1.238,10.557333333333334,1.0599999999999998,1.0446666666666669,-0.5596852338575381,MODERATE
DEMO_SYNTHETIC,PT_011,2022-03-21,20.967908,85.17147,11.54,-1.238,-4.876,9.809,0.697,99.5,3.11,90.0,45.1,2875.1,0.2,0.04865,13.121,1.581,11.153333333333334,0.5963333333333333,1.8858333333333333,-0.5533647203437366,LOW
DEMO_SYNTHETIC,PT_011,2022-04-20,20.967908,85.17147,13.121,1.581,2.819,11.153,0.692,99.5,3.11,90.0,28.8,2903.9,0.2,0.04865,12.57,-0.551,12.480000000000002,1.3269999999999995,1.9403333333333332,-0.7005423921651119,LOW
DEMO_SYNTHETIC,PT_011,2022-05-20,20.967908,85.17147,12.57,-0.551,-2.132,10.685,0.698,99.5,3.11,90.0,32.1,2936.0,0.2,0.04865,7.495,-5.075,12.410333333333334,-0.0693333333333335,0.4953333333333335,-0.6707456856000481,LOW
DEMO_SYNTHETIC,PT_011,2022-06-19,20.967908,85.17147,7.495,-5.075,-4.525,6.371,0.662,99.5,3.11,90.0,243.2,3179.2,0.2,0.04865,8.551,1.056,11.062,-1.3483333333333336,-0.3759999999999998,1.2353406040620567,HIGH
DEMO_SYNTHETIC,PT_011,2022-07-19,20.967908,85.17147,8.551,1.056,6.131,7.269,0.822,99.5,3.11,90.0,243.3,3422.5,0.2,0.04865,9.88,1.329,9.538666666666668,-1.5233333333333337,-0.0981666666666664,1.2362435345640284,LOW
DEMO_SYNTHETIC,PT_011,2022-08-18,20.967908,85.17147,9.88,1.329,0.273,8.398,0.855,99.5,3.11,90.0,253.1,3675.5,0.2,0.04865,11.341,1.461,8.642000000000001,-0.8966666666666671,-0.4829999999999998,1.324730723757248,LOW
DEMO_SYNTHETIC,PT_011,2022-09-17,20.967908,85.17147,11.341,1.461,0.132,9.64,0.855,99.5,3.11,90.0,237.0,3912.5,0.2,0.04865,9.842,-1.499,9.924,1.2819999999999998,-0.0331666666666664,1.179358912939816,LOW
DEMO_SYNTHETIC,PT_011,2022-10-17,20.967908,85.17147,9.842,-1.499,-2.96,8.366,0.649,99.5,3.11,90.0,22.8,3935.3,0.2,0.04865,12.55,2.708,10.354333333333336,0.430333333333333,-0.5464999999999998,-0.7547182222834096,LOW
DEMO_SYNTHETIC,PT_011,2022-11-16,20.967908,85.17147,12.55,2.708,4.207,10.668,0.586,99.5,3.11,90.0,28.8,3964.0,0.2,0.04865,12.864,0.314,11.244333333333335,0.8899999999999997,-0.003333333333333,-0.7005423921651119,MODERATE
DEMO_SYNTHETIC,PT_011,2022-12-16,20.967908,85.17147,12.864,0.314,-2.394,10.934,0.745,99.5,3.11,90.0,43.8,4007.8,0.2,0.04865,18.047,5.183,11.752000000000002,0.5076666666666664,0.8948333333333336,-0.5651028168693678,LOW
DEMO_SYNTHETIC,PT_011,2023-01-15,20.967908,85.17147,18.047,5.183,4.869,15.34,0.705,99.5,3.11,90.0,21.8,4029.6,0.2,0.04865,15.151,-2.896,14.487000000000002,2.7349999999999994,1.582666666666667,-0.7637475273031258,HIGH
DEMO_SYNTHETIC,PT_011,2023-02-14,20.967908,85.17147,15.151,-2.896,-8.078,12.878,0.734,99.5,3.11,90.0,22.8,4052.4,0.2,0.04865,17.363,2.212,15.354,0.8669999999999997,0.8785000000000003,-0.7547182222834096,MODERATE
DEMO_SYNTHETIC,PT_011,2023-03-16,20.967908,85.17147,17.363,2.212,5.108,14.759,0.749,99.5,3.11,90.0,17.1,4069.5,0.2,0.04865,18.354,0.991,16.85366666666667,1.4996666666666665,1.003666666666667,-0.8061852608957922,MODERATE
DEMO_SYNTHETIC,PT_011,2023-04-15,20.967908,85.17147,18.354,0.991,-1.221,15.601,0.692,99.5,3.11,90.0,53.6,4123.1,0.2,0.04865,20.629,2.274,16.956,0.1023333333333331,1.418666666666667,-0.4766156276761483,MODERATE
DEMO_SYNTHETIC,PT_011,2023-05-15,20.967908,85.17147,20.629,2.274,1.283,17.534,0.902,99.5,3.11,90.0,15.1,4138.2,0.2,0.04865,16.007,-4.622,18.782,1.8256666666666663,1.3463333333333338,-0.8242438709352249,MODERATE
DEMO_SYNTHETIC,PT_011,2023-06-14,20.967908,85.17147,16.007,-4.622,-6.896,13.606,0.638,99.5,3.11,90.0,301.1,4439.3,0.2,0.04865,14.596,-1.411,18.33,-0.4523333333333335,0.5236666666666672,1.7581373647036291,MODERATE
DEMO_SYNTHETIC,PT_011,2023-07-14,20.967908,85.17147,14.596,-1.411,3.21,12.406,0.634,99.5,3.11,90.0,140.0,4579.3,0.2,0.04865,11.844,-2.751,17.077333333333335,-1.2530000000000003,-0.5753333333333328,0.3035163260273376,LOW
DEMO_SYNTHETIC,PT_011,2023-08-13,20.967908,85.17147,11.844,-2.751,-1.34,10.068,0.812,99.5,3.11,90.0,199.0,4778.4,0.2,0.04865,11.453,-0.391,14.149,-2.9280000000000004,-0.5511666666666661,0.8362453221905977,MODERATE
DEMO_SYNTHETIC,PT_011,2023-09-12,20.967908,85.17147,11.453,-0.391,2.36,9.735,0.631,99.5,3.11,90.0,259.1,5037.5,0.2,0.04865,11.557,0.103,12.631,-1.517666666666667,-0.9849999999999994,1.3789065538755456,LOW
DEMO_SYNTHETIC,PT_011,2023-10-12,20.967908,85.17147,11.557,0.103,0.495,9.823,0.533,99.5,3.11,90.0,30.9,5068.3,0.2,0.04865,13.204,1.647,11.618,-1.0130000000000003,-1.1329999999999996,-0.6815808516237079,LOW
DEMO_SYNTHETIC,PT_011,2023-11-11,20.967908,85.17147,13.204,1.647,1.544,11.223,0.656,99.5,3.11,90.0,38.0,5106.3,0.2,0.04865,13.204,1.647,12.071333333333332,0.4529999999999995,-1.2374999999999996,-0.6174727859837222,LOW
DEMO_SYNTHETIC,PT_012,2020-01-01,20.955322,85.174575,0.55,0.0,0.0,0.467,0.704,116.9,9.32,341.9,43.5,43.5,0.2,0.04246,0.966,0.417,0.55,0.0,0.0,-0.5337646009389803,LOW
DEMO_SYNTHETIC,PT_012,2020-01-31,20.955322,85.174575,0.966,0.417,0.0,0.822,0.807,116.9,9.32,341.9,19.9,63.4,0.2,0.04246,4.526,3.559,0.758,0.2085,0.2085,-0.7593544751857724,LOW
DEMO_SYNTHETIC,PT_012,2020-03-01,20.955322,85.174575,4.526,3.559,3.142,3.847,0.743,116.9,9.32,341.9,48.9,112.3,0.2,0.04246,8.236,3.711,2.014,1.3253333333333333,1.3253333333333333,-0.4821465788655618,MODERATE
DEMO_SYNTHETIC,PT_012,2020-03-31,20.955322,85.174575,8.236,3.711,0.152,7.001,0.686,116.9,9.32,341.9,46.0,158.3,0.2,0.04246,5.301,-2.935,4.5760000000000005,2.562333333333333,1.92175,-0.5098673684975829,MODERATE
DEMO_SYNTHETIC,PT_012,2020-04-30,20.955322,85.174575,5.301,-2.935,-6.646,4.506,0.635,116.9,9.32,341.9,27.3,185.6,0.2,0.04246,4.168,-1.133,6.021000000000001,1.445,0.9504,-0.6886186671592359,MODERATE
DEMO_SYNTHETIC,PT_012,2020-05-30,20.955322,85.174575,4.168,-1.133,1.802,3.543,0.624,116.9,9.32,341.9,22.4,208.1,0.2,0.04246,3.217,-0.951,5.901666666666667,-0.119,0.6031666666666666,-0.7354572427443749,LOW
DEMO_SYNTHETIC,PT_012,2020-06-29,20.955322,85.174575,3.217,-0.951,0.182,2.734,0.89,116.9,9.32,341.9,309.3,517.4,0.2,0.04246,0.033,-3.183,4.228666666666666,-1.6729999999999998,0.4446666666666666,2.0069891522303984,LOW
DEMO_SYNTHETIC,PT_012,2020-07-29,20.955322,85.174575,0.033,-3.183,-2.232,0.028,0.786,116.9,9.32,341.9,272.5,789.9,0.2,0.04246,-1.448,-1.481,2.4726666666666666,-1.7556666666666665,-0.1553333333333333,1.6552218906930276,MODERATE
DEMO_SYNTHETIC,PT_012,2020-08-28,20.955322,85.174575,-1.448,-1.481,1.702,-1.231,0.81,116.9,9.32,341.9,304.8,1094.7,0.2,0.04246,-3.639,-2.191,0.6006666666666667,-1.8716666666666668,-0.9953333333333332,1.9639741338358832,LOW
DEMO_SYNTHETIC,PT_012,2020-09-27,20.955322,85.174575,-3.639,-2.191,-0.71,-3.093,0.747,116.9,9.32,341.9,244.1,1338.7,0.2,0.04246,-2.492,1.146,-1.6846666666666668,-2.285,-1.979,1.3837493301587525,MODERATE
DEMO_SYNTHETIC,PT_012,2020-10-27,20.955322,85.174575,-2.492,1.146,3.338,-2.118,0.736,116.9,9.32,341.9,34.8,1373.5,0.2,0.04246,0.468,2.961,-2.526333333333333,-0.8420000000000001,-1.2988333333333333,-0.6169269698350435,LOW
DEMO_SYNTHETIC,PT_012,2020-11-26,20.955322,85.174575,0.468,2.961,1.814,0.398,0.787,116.9,9.32,341.9,15.1,1388.6,0.2,0.04246,3.042,2.574,-1.8876666666666664,0.6386666666666666,-0.6165,-0.8052371614732555,MODERATE
DEMO_SYNTHETIC,PT_012,2020-12-26,20.955322,85.174575,3.042,2.574,-0.387,2.586,0.776,116.9,9.32,341.9,41.5,1430.1,0.2,0.04246,5.788,2.746,0.3393333333333332,2.227,-0.0289999999999999,-0.5528823868920982,MODERATE
DEMO_SYNTHETIC,PT_012,2021-01-25,20.955322,85.174575,5.788,2.746,0.172,4.92,0.493,116.9,9.32,341.9,17.5,1447.6,0.2,0.04246,5.984,0.196,3.099333333333333,2.760333333333333,0.9591666666666666,-0.782295818329514,MODERATE
DEMO_SYNTHETIC,PT_012,2021-02-24,20.955322,85.174575,5.984,0.196,-2.549,5.087,0.684,116.9,9.32,341.9,14.8,1462.4,0.2,0.04246,6.798,0.813,4.938,1.8386666666666664,1.2386666666666666,-0.8081048293662233,LOW
DEMO_SYNTHETIC,PT_012,2021-03-26,20.955322,85.174575,6.798,0.813,0.617,5.778,0.745,116.9,9.32,341.9,11.0,1473.4,0.2,0.04246,5.666,-1.132,6.19,1.2516666666666665,1.7393333333333334,-0.8444286226771474,LOW
DEMO_SYNTHETIC,PT_012,2021-04-25,20.955322,85.174575,5.666,-1.132,-1.945,4.816,0.787,116.9,9.32,341.9,52.4,1525.8,0.2,0.04246,6.321,0.656,6.149333333333334,-0.0410000000000001,1.3596666666666666,-0.4486904534476053,LOW
DEMO_SYNTHETIC,PT_012,2021-05-25,20.955322,85.174575,6.321,0.656,1.788,5.373,0.807,116.9,9.32,341.9,60.3,1586.1,0.2,0.04246,5.635,-0.687,6.261666666666667,0.1123333333333331,0.9755,-0.3731751989327893,LOW
DEMO_SYNTHETIC,PT_012,2021-06-24,20.955322,85.174575,5.635,-0.687,-1.342,4.79,0.658,116.9,9.32,341.9,235.4,1821.6,0.2,0.04246,3.068,-2.567,5.874,-0.3876666666666668,0.432,1.3005869612626892,LOW
DEMO_SYNTHETIC,PT_012,2021-07-24,20.955322,85.174575,3.068,-2.567,-1.88,2.608,0.725,116.9,9.32,341.9,187.6,2009.2,0.2,0.04246,6.117,3.049,5.008,-0.8660000000000002,-0.4535,0.8436718769831697,MODERATE
DEMO_SYNTHETIC,PT_012,2021-08-23,20.955322,85.174575,6.117,3.049,5.616,5.199,0.681,116.9,9.32,341.9,200.8,2210.0,0.2,0.04246,1.312,-4.805,4.94,-0.0683333333333336,0.0219999999999999,0.9698492642737484,MODERATE
DEMO_SYNTHETIC,PT_012,2021-09-22,20.955322,85.174575,1.312,-4.805,-7.854,1.115,0.752,116.9,9.32,341.9,153.6,2363.7,0.2,0.04246,6.502,5.19,3.499,-1.441,-0.9143333333333332,0.5186695157801641,MODERATE
DEMO_SYNTHETIC,PT_012,2021-10-22,20.955322,85.174575,6.502,5.19,9.995,5.526,0.497,116.9,9.32,341.9,6.8,2370.5,0.2,0.04246,7.683,1.182,4.643666666666667,1.1446666666666667,0.1393333333333334,-0.8845759731786952,HIGH
DEMO_SYNTHETIC,PT_012,2021-11-21,20.955322,85.174575,7.683,1.182,-4.008,6.531,0.781,116.9,9.32,341.9,25.0,2395.5,0.2,0.04246,7.773,0.09,5.165666666666667,0.5223333333333334,0.2270000000000001,-0.7106041210053216,LOW
DEMO_SYNTHETIC,PT_012,2021-12-21,20.955322,85.174575,7.773,0.09,-1.092,6.607,0.665,116.9,9.32,341.9,35.3,2430.8,0.2,0.04246,12.12,4.347,7.319333333333333,2.154,0.3565,-0.612147523346764,LOW
DEMO_SYNTHETIC,PT_012,2022-01-20,20.955322,85.174575,12.12,4.347,4.257,10.302,0.713,116.9,9.32,341.9,52.1,2482.9,0.2,0.04246,12.14,0.02,9.192,1.873,1.5088333333333337,-0.451558121340573,MODERATE
DEMO_SYNTHETIC,PT_012,2022-02-19,20.955322,85.174575,12.14,0.02,-4.327,10.319,0.668,116.9,9.32,341.9,22.2,2505.1,0.2,0.04246,13.6,1.46,10.677666666666669,1.4856666666666662,1.0040000000000002,-0.7373690213396867,LOW
DEMO_SYNTHETIC,PT_012,2022-03-21,20.955322,85.174575,13.6,1.46,1.439,11.56,0.8,116.9,9.32,341.9,15.7,2520.9,0.2,0.04246,10.465,-3.135,12.62,1.9423333333333328,2.048166666666667,-0.7995018256873201,LOW
DEMO_SYNTHETIC,PT_012,2022-04-20,20.955322,85.174575,10.465,-3.135,-4.595,8.895,0.687,116.9,9.32,341.9,25.4,2546.3,0.2,0.04246,12.948,2.483,12.068333333333332,-0.5516666666666669,0.6606666666666668,-0.7067805638146979,MODERATE
DEMO_SYNTHETIC,PT_012,2022-05-20,20.955322,85.174575,12.948,2.483,5.618,11.006,0.76,116.9,9.32,341.9,10.7,2557.0,0.2,0.04246,12.13,-0.819,12.337666666666667,0.2693333333333331,0.8775000000000001,-0.847296290570115,MODERATE
DEMO_SYNTHETIC,PT_012,2022-06-19,20.955322,85.174575,12.13,-0.819,-3.302,10.31,0.802,116.9,9.32,341.9,131.5,2688.5,0.2,0.04246,11.908,-0.222,11.847666666666669,-0.4903333333333335,0.7260000000000003,0.3074179809982105,LOW
DEMO_SYNTHETIC,PT_012,2022-07-19,20.955322,85.174575,11.908,-0.222,0.597,10.121,0.824,116.9,9.32,341.9,226.2,2914.7,0.2,0.04246,10.209,-1.698,12.328666666666669,0.4806666666666664,-0.0354999999999998,1.2126451458783465,LOW
DEMO_SYNTHETIC,PT_012,2022-08-18,20.955322,85.174575,10.209,-1.698,-1.476,8.678,0.693,116.9,9.32,341.9,245.5,3160.2,0.2,0.04246,12.213,2.003,11.415666666666668,-0.9130000000000004,-0.3218333333333332,1.397131780325935,LOW
DEMO_SYNTHETIC,PT_012,2022-09-17,20.955322,85.174575,12.213,2.003,3.702,10.381,0.706,116.9,9.32,341.9,279.0,3439.3,0.2,0.04246,11.371,-0.842,11.443333333333332,0.0276666666666664,-0.2313333333333331,1.717354695040661,MODERATE
DEMO_SYNTHETIC,PT_012,2022-10-17,20.955322,85.174575,11.371,-0.842,-2.845,9.665,0.956,116.9,9.32,341.9,17.9,3457.2,0.2,0.04246,11.738,0.368,11.264333333333331,-0.1790000000000002,0.1508333333333334,-0.7784722611388903,LOW
DEMO_SYNTHETIC,PT_012,2022-11-16,20.955322,85.174575,11.738,0.368,1.21,9.978,0.644,116.9,9.32,341.9,38.6,3495.7,0.2,0.04246,16.145,4.407,11.774,0.5096666666666664,-0.2016666666666665,-0.5806031765241193,LOW
DEMO_SYNTHETIC,PT_012,2022-12-16,20.955322,85.174575,16.145,4.407,4.039,13.724,0.68,116.9,9.32,341.9,7.4,3503.2,0.2,0.04246,19.763,3.617,13.084666666666664,1.3109999999999995,0.6693333333333333,-0.8788406373927596,MODERATE
DEMO_SYNTHETIC,PT_012,2023-01-15,20.955322,85.174575,19.763,3.617,-0.79,16.798,0.846,116.9,9.32,341.9,30.6,3533.7,0.2,0.04246,17.129,-2.634,15.882,2.797333333333333,1.3091666666666668,-0.6570743203365913,MODERATE
DEMO_SYNTHETIC,PT_012,2023-02-14,20.955322,85.174575,17.129,-2.634,-6.251,14.559,0.699,116.9,9.32,341.9,39.8,3573.6,0.2,0.04246,17.567,0.439,17.679000000000002,1.7966666666666662,1.153166666666667,-0.5691325049522485,MODERATE
DEMO_SYNTHETIC,PT_012,2023-03-16,20.955322,85.174575,17.567,0.439,3.073,14.932,0.589,116.9,9.32,341.9,46.0,3619.5,0.2,0.04246,17.416,-0.151,18.153,0.4739999999999997,0.8925,-0.5098673684975829,MODERATE
DEMO_SYNTHETIC,PT_012,2023-04-15,20.955322,85.174575,17.416,-0.151,-0.59,14.804,0.704,116.9,9.32,341.9,35.6,3655.1,0.2,0.04246,21.822,4.406,17.37066666666667,-0.7820000000000004,1.0076666666666665,-0.6092798554537963,MODERATE
DEMO_SYNTHETIC,PT_012,2023-05-15,20.955322,85.174575,21.822,4.406,4.557,18.549,0.615,116.9,9.32,341.9,28.4,3683.5,0.2,0.04246,16.252,-5.57,18.935,1.5646666666666664,1.6806666666666663,-0.6781038848850209,MODERATE
DEMO_SYNTHETIC,PT_012,2023-06-14,20.955322,85.174575,16.252,-5.57,-9.977,13.814,0.69,116.9,9.32,341.9,190.0,3873.4,0.2,0.04246,17.515,1.263,18.496666666666663,-0.4383333333333341,0.0178333333333332,0.8666132201269113,HIGH
DEMO_SYNTHETIC,PT_012,2023-07-14,20.955322,85.174575,17.515,1.263,6.833,14.887,0.861,116.9,9.32,341.9,209.1,4082.5,0.2,0.04246,16.593,-0.922,18.529666666666667,0.0329999999999992,-0.3745000000000001,1.0491880759791878,MODERATE
DEMO_SYNTHETIC,PT_012,2023-08-13,20.955322,85.174575,16.593,-0.922,-2.184,14.104,0.679,116.9,9.32,341.9,258.2,4340.7,0.2,0.04246,21.706,5.113,16.786666666666665,-1.7430000000000003,-0.0891666666666668,1.518529721128234,MODERATE
DEMO_SYNTHETIC,PT_012,2023-09-12,20.955322,85.174575,21.706,5.113,6.035,18.45,0.847,116.9,9.32,341.9,346.9,4687.6,0.2,0.04246,16.914,-4.792,18.604666666666667,1.818,0.6898333333333332,2.366403528149016,HIGH
DEMO_SYNTHETIC,PT_012,2023-10-12,20.955322,85.174575,16.914,-4.792,-9.905,14.377,0.694,116.9,9.32,341.9,68.0,4755.6,0.2,0.04246,18.821,1.906,18.404333333333334,-0.2003333333333336,-0.0836666666666667,-0.2995717230132851,MODERATE
DEMO_SYNTHETIC,PT_012,2023-11-11,20.955322,85.174575,18.821,1.906,6.698,15.997,0.803,116.9,9.32,341.9,12.9,4768.5,0.2,0.04246,18.821,1.906,19.147,0.742333333333333,-0.5003333333333334,-0.8262667260216853,MODERATE
DEMO_SYNTHETIC,PT_013,2020-01-01,20.948176,85.20226,1.466,0.0,0.0,1.246,0.616,105.3,6.1,139.4,12.3,12.3,0.709,0.01456,6.623,5.157,1.466,0.0,0.0,-0.8239373455078837,LOW
DEMO_SYNTHETIC,PT_013,2020-01-31,20.948176,85.20226,6.623,5.157,0.0,5.629,0.873,105.3,6.1,139.4,19.2,31.5,0.709,0.01456,3.022,-3.601,4.0445,2.5785,2.5785,-0.7608491363223072,HIGH
DEMO_SYNTHETIC,PT_013,2020-03-01,20.948176,85.20226,3.022,-3.601,-8.757,2.569,0.685,105.3,6.1,139.4,14.1,45.6,0.709,0.01456,6.829,3.807,3.703666666666667,0.5186666666666667,0.5186666666666667,-0.8074795518072986,MODERATE
DEMO_SYNTHETIC,PT_013,2020-03-31,20.948176,85.20226,6.829,3.807,7.407,5.804,0.577,105.3,6.1,139.4,41.3,86.9,0.709,0.01456,10.738,3.909,5.491333333333333,1.7876666666666663,1.34075,-0.5587840025540115,MODERATE
DEMO_SYNTHETIC,PT_013,2020-04-30,20.948176,85.20226,10.738,3.909,0.102,9.127,0.733,105.3,6.1,139.4,47.5,134.4,0.709,0.01456,1.242,-9.496,6.863,1.3716666666666668,1.8544,-0.5020960464742181,MODERATE
DEMO_SYNTHETIC,PT_013,2020-05-30,20.948176,85.20226,1.242,-9.496,-13.405,1.055,0.752,105.3,6.1,139.4,33.7,168.1,0.709,0.01456,5.106,3.865,6.269666666666667,-0.5933333333333334,-0.0373333333333333,-0.628272464845371,HIGH
DEMO_SYNTHETIC,PT_013,2020-06-29,20.948176,85.20226,5.106,3.865,13.361,4.34,0.626,105.3,6.1,139.4,267.4,435.5,0.709,0.01456,5.521,0.415,5.695333333333333,-0.5739999999999998,0.6068333333333333,1.5084977506139368,MODERATE
DEMO_SYNTHETIC,PT_013,2020-07-29,20.948176,85.20226,5.521,0.415,-3.45,4.693,0.699,105.3,6.1,139.4,235.5,670.9,0.709,0.01456,5.99,0.469,3.956333333333333,-1.7386666666666668,-0.1835,1.2168290733646776,LOW
DEMO_SYNTHETIC,PT_013,2020-08-28,20.948176,85.20226,5.99,0.469,0.054,5.091,0.746,105.3,6.1,139.4,252.4,923.3,0.709,0.01456,4.834,-1.156,5.538999999999999,1.5830000000000002,0.4948333333333333,1.3713494697757271,LOW
DEMO_SYNTHETIC,PT_013,2020-09-27,20.948176,85.20226,4.834,-1.156,-1.625,4.109,0.777,105.3,6.1,139.4,259.2,1182.5,0.709,0.01456,5.033,0.2,5.448333333333333,-0.0906666666666666,-0.3323333333333333,1.4335233570890489,LOW
DEMO_SYNTHETIC,PT_013,2020-10-27,20.948176,85.20226,5.033,0.2,1.356,4.278,0.681,105.3,6.1,139.4,49.6,1232.1,0.709,0.01456,7.514,2.481,5.285666666666667,-0.1623333333333333,-0.9505,-0.4828952871568687,LOW
DEMO_SYNTHETIC,PT_013,2020-11-26,20.948176,85.20226,7.514,2.481,2.281,6.387,0.609,105.3,6.1,139.4,35.3,1267.5,0.709,0.01456,10.239,2.725,5.793666666666667,0.5083333333333333,1.0456666666666667,-0.6136433148892955,MODERATE
DEMO_SYNTHETIC,PT_013,2020-12-26,20.948176,85.20226,10.239,2.725,0.245,8.703,0.82,105.3,6.1,139.4,18.9,1286.4,0.709,0.01456,8.952,-1.288,7.595333333333333,1.8020000000000005,0.8556666666666667,-0.7635921019390713,MODERATE
DEMO_SYNTHETIC,PT_013,2021-01-25,20.948176,85.20226,8.952,-1.288,-4.013,7.609,0.674,105.3,6.1,139.4,9.0,1295.4,0.709,0.01456,9.306,0.354,8.901666666666666,1.306,0.5718333333333335,-0.8541099672922898,LOW
DEMO_SYNTHETIC,PT_013,2021-02-24,20.948176,85.20226,9.306,0.354,1.642,7.91,0.8,105.3,6.1,139.4,13.9,1309.3,0.709,0.01456,12.823,3.517,9.499,0.597,0.5526666666666668,-0.8093081955518079,LOW
DEMO_SYNTHETIC,PT_013,2021-03-26,20.948176,85.20226,12.823,3.517,3.163,10.899,0.915,105.3,6.1,139.4,18.1,1327.4,0.709,0.01456,18.525,5.703,10.360333333333331,0.8609999999999999,1.3315,-0.7709066769171093,MODERATE
DEMO_SYNTHETIC,PT_013,2021-04-25,20.948176,85.20226,18.525,5.703,2.186,15.746,0.773,105.3,6.1,139.4,7.7,1335.2,0.709,0.01456,16.102,-2.423,13.551333333333332,3.191333333333333,2.248666666666667,-0.8659961516316013,HIGH
DEMO_SYNTHETIC,PT_013,2021-05-25,20.948176,85.20226,16.102,-2.423,-8.125,13.687,0.776,105.3,6.1,139.4,35.0,1370.2,0.709,0.01456,14.158,-1.944,15.816666666666668,2.2656666666666667,1.4313333333333336,-0.6163862805060596,MODERATE
DEMO_SYNTHETIC,PT_013,2021-06-24,20.948176,85.20226,14.158,-1.944,0.479,12.035,0.603,105.3,6.1,139.4,207.9,1578.1,0.709,0.01456,14.299,0.141,16.261666666666667,0.4453333333333334,0.6531666666666668,0.9644762366223716,LOW
DEMO_SYNTHETIC,PT_013,2021-07-24,20.948176,85.20226,14.299,0.141,2.085,12.154,0.828,105.3,6.1,139.4,255.2,1833.3,0.709,0.01456,15.449,1.149,14.853,-1.4086666666666667,0.8913333333333334,1.3969504821988596,LOW
DEMO_SYNTHETIC,PT_013,2021-08-23,20.948176,85.20226,15.449,1.149,1.008,13.131,0.722,105.3,6.1,139.4,266.2,2099.5,0.709,0.01456,18.892,3.443,14.635333333333334,-0.2179999999999999,1.0238333333333334,1.49752588814688,MODERATE
DEMO_SYNTHETIC,PT_013,2021-09-22,20.948176,85.20226,18.892,3.443,2.294,16.058,0.8,105.3,6.1,139.4,276.7,2376.2,0.709,0.01456,17.275,-1.617,16.213333333333335,1.5776666666666668,1.0115,1.5935296847336269,MODERATE
DEMO_SYNTHETIC,PT_013,2021-10-22,20.948176,85.20226,17.275,-1.617,-5.06,14.683,0.951,105.3,6.1,139.4,43.7,2419.9,0.709,0.01456,21.698,4.423,17.205333333333332,0.9916666666666668,-0.2084999999999999,-0.5368402776198979,MODERATE
DEMO_SYNTHETIC,PT_013,2021-11-21,20.948176,85.20226,21.698,4.423,6.041,18.443,0.751,105.3,6.1,139.4,21.4,2441.4,0.709,0.01456,24.657,2.959,19.28833333333333,2.083,0.9325,-0.7407340551327031,MODERATE
DEMO_SYNTHETIC,PT_013,2021-12-21,20.948176,85.20226,24.657,2.959,-1.465,20.958,0.824,105.3,6.1,139.4,36.5,2477.8,0.709,0.01456,24.087,-0.57,21.21,1.9216666666666669,1.749666666666667,-0.6026714524222386,MODERATE
DEMO_SYNTHETIC,PT_013,2022-01-20,20.948176,85.20226,24.087,-0.57,-3.528,20.474,0.91,105.3,6.1,139.4,15.2,2493.0,0.709,0.01456,27.42,3.333,23.480666666666668,2.2706666666666666,1.6311666666666669,-0.7974220112124965,MODERATE
DEMO_SYNTHETIC,PT_013,2022-02-19,20.948176,85.20226,27.42,3.333,3.903,23.307,0.738,105.3,6.1,139.4,28.9,2522.0,0.709,0.01456,28.654,1.233,25.388,1.9073333333333335,1.995166666666667,-0.6721599147135982,MODERATE
DEMO_SYNTHETIC,PT_013,2022-03-21,20.948176,85.20226,28.654,1.233,-2.1,24.356,0.571,105.3,6.1,139.4,34.9,2556.9,0.709,0.01456,31.843,3.19,26.720333333333333,1.3320000000000003,1.6268333333333336,-0.6173006023783143,MODERATE
DEMO_SYNTHETIC,PT_013,2022-04-20,20.948176,85.20226,31.843,3.19,1.956,27.067,0.657,105.3,6.1,139.4,19.9,2576.7,0.709,0.01456,32.421,0.577,29.305666666666667,2.5853333333333333,2.4280000000000004,-0.754448883216524,MODERATE
DEMO_SYNTHETIC,PT_013,2022-05-20,20.948176,85.20226,32.421,0.577,-2.612,27.558,0.706,105.3,6.1,139.4,19.4,2596.2,0.709,0.01456,34.36,1.939,30.972666666666665,1.6666666666666667,1.787,-0.7590204925777977,MODERATE
DEMO_SYNTHETIC,PT_013,2022-06-19,20.948176,85.20226,34.36,1.939,1.361,29.206,0.687,105.3,6.1,139.4,303.6,2899.8,0.709,0.01456,32.275,-2.085,32.87466666666666,1.902,1.6170000000000002,1.83948226837015,MODERATE
DEMO_SYNTHETIC,PT_013,2022-07-19,20.948176,85.20226,32.275,-2.085,-4.023,27.434,0.779,105.3,6.1,139.4,308.4,3208.2,0.709,0.01456,32.065,-0.21,33.01866666666666,0.1436666666666668,1.3645000000000005,1.8833697182383768,MODERATE
DEMO_SYNTHETIC,PT_013,2022-08-18,20.948176,85.20226,32.065,-0.21,1.875,27.255,0.744,105.3,6.1,139.4,201.5,3409.7,0.709,0.01456,36.131,4.066,32.9,-0.1186666666666664,0.7740000000000001,0.9059596367980688,MODERATE
DEMO_SYNTHETIC,PT_013,2022-09-17,20.948176,85.20226,36.131,4.066,4.276,30.711,0.627,105.3,6.1,139.4,277.4,3687.2,0.709,0.01456,34.735,-1.396,33.49033333333333,0.5903333333333335,1.2461666666666666,1.5999299378394098,MODERATE
DEMO_SYNTHETIC,PT_013,2022-10-17,20.948176,85.20226,34.735,-1.396,-5.462,29.525,0.793,105.3,6.1,139.4,19.1,3706.3,0.709,0.01456,38.303,3.568,34.310333333333325,0.8200000000000002,0.4818333333333336,-0.7617634581945619,MODERATE
DEMO_SYNTHETIC,PT_013,2022-11-16,20.948176,85.20226,38.303,3.568,4.963,32.558,0.665,105.3,6.1,139.4,20.3,3726.5,0.709,0.01456,42.746,4.443,36.38966666666666,2.079333333333333,0.9803333333333336,-0.7507915957275052,MODERATE
DEMO_SYNTHETIC,PT_013,2022-12-16,20.948176,85.20226,42.746,4.443,0.875,36.334,0.737,105.3,6.1,139.4,0.0,3726.5,0.709,0.01456,42.857,0.111,38.59466666666666,2.205,1.3976666666666668,-0.9363989357952156,HIGH
DEMO_SYNTHETIC,PT_013,2023-01-15,20.948176,85.20226,42.857,0.111,-4.332,36.429,0.731,105.3,6.1,139.4,62.0,3788.5,0.709,0.01456,41.385,-1.472,41.302,2.707333333333333,1.7636666666666667,-0.369519374997282,HIGH
DEMO_SYNTHETIC,PT_013,2023-02-14,20.948176,85.20226,41.385,-1.472,-1.583,35.177,0.7,105.3,6.1,139.4,52.2,3840.7,0.709,0.01456,47.969,6.584,42.32933333333333,1.0273333333333332,1.5533333333333337,-0.4591229184782457,HIGH
DEMO_SYNTHETIC,PT_013,2023-03-16,20.948176,85.20226,47.969,6.584,8.056,40.774,0.832,105.3,6.1,139.4,14.1,3854.8,0.709,0.01456,50.767,2.798,44.07033333333334,1.741,1.973,-0.8074795518072986,HIGH
DEMO_SYNTHETIC,PT_013,2023-04-15,20.948176,85.20226,50.767,2.798,-3.786,43.152,0.874,105.3,6.1,139.4,19.1,3873.8,0.709,0.01456,45.973,-4.794,46.707,2.6366666666666667,2.6720000000000006,-0.7617634581945619,HIGH
DEMO_SYNTHETIC,PT_013,2023-05-15,20.948176,85.20226,45.973,-4.794,-7.592,39.077,0.836,105.3,6.1,139.4,48.1,3922.0,0.709,0.01456,44.03,-1.942,48.23633333333333,1.5293333333333334,1.2783333333333335,-0.4966101152406897,HIGH
DEMO_SYNTHETIC,PT_013,2023-06-14,20.948176,85.20226,44.03,-1.942,2.852,37.426,0.769,105.3,6.1,139.4,229.8,4151.8,0.709,0.01456,44.488,0.458,46.92333333333334,-1.3126666666666666,0.2141666666666668,1.164712726646158,HIGH
DEMO_SYNTHETIC,PT_013,2023-07-14,20.948176,85.20226,44.488,0.458,2.4,37.815,0.67,105.3,6.1,139.4,274.3,4426.1,0.709,0.01456,44.151,-0.337,44.830333333333336,-2.0926666666666667,0.2720000000000002,1.5715859597995134,HIGH
DEMO_SYNTHETIC,PT_013,2023-08-13,20.948176,85.20226,44.151,-0.337,-0.795,37.528,0.749,105.3,6.1,139.4,222.2,4648.3,0.709,0.01456,42.909,-1.242,44.22299999999999,-0.607,0.4611666666666669,1.095224264354798,HIGH
DEMO_SYNTHETIC,PT_013,2023-09-12,20.948176,85.20226,42.909,-1.242,-0.905,36.473,0.832,105.3,6.1,139.4,196.0,4844.3,0.709,0.01456,45.172,2.263,43.84933333333333,-0.3736666666666666,-0.8431666666666664,0.8556719338240585,HIGH
DEMO_SYNTHETIC,PT_013,2023-10-12,20.948176,85.20226,45.172,2.263,3.505,38.397,0.672,105.3,6.1,139.4,31.1,4875.3,0.709,0.01456,48.114,2.941,44.077333333333335,0.2279999999999999,-0.9323333333333332,-0.6520448335239942,HIGH
DEMO_SYNTHETIC,PT_013,2023-11-11,20.948176,85.20226,48.114,2.941,0.678,40.897,0.554,105.3,6.1,139.4,40.7,4916.1,0.709,0.01456,48.114,2.941,45.39833333333333,1.3206666666666669,0.3568333333333335,-0.5642699337875399,HIGH
DEMO_SYNTHETIC,PT_014,2020-01-01,20.945147,85.204444,1.949,0.0,0.0,1.657,0.787,121.1,2.41,196.9,19.3,19.3,0.736,0.01318,4.388,2.439,1.949,0.0,0.0,-0.7143626762426797,LOW
DEMO_SYNTHETIC,PT_014,2020-01-31,20.945147,85.204444,4.388,2.439,0.0,3.73,0.819,121.1,2.41,196.9,41.8,61.2,0.736,0.01318,4.784,0.396,3.1685,1.2195,1.2195,-0.5202472679291574,MODERATE
DEMO_SYNTHETIC,PT_014,2020-03-01,20.945147,85.204444,4.784,0.396,-2.043,4.066,1.0,121.1,2.41,196.9,20.7,81.8,0.736,0.01318,7.808,3.025,3.707,0.945,0.945,-0.7022843841698383,LOW
DEMO_SYNTHETIC,PT_014,2020-03-31,20.945147,85.204444,7.808,3.025,2.629,6.637,0.735,121.1,2.41,196.9,23.5,105.4,0.736,0.01318,8.002,0.194,5.66,1.9533333333333327,1.465,-0.6781278000241555,MODERATE
DEMO_SYNTHETIC,PT_014,2020-04-30,20.945147,85.204444,8.002,0.194,-2.831,6.802,0.779,121.1,2.41,196.9,35.3,140.7,0.736,0.01318,7.675,-0.327,6.864666666666667,1.2049999999999998,1.2108,-0.5763250525530639,LOW
DEMO_SYNTHETIC,PT_014,2020-05-30,20.945147,85.204444,7.675,-0.327,-0.52,6.524,0.637,121.1,2.41,196.9,1.9,142.6,0.736,0.01318,8.086,0.411,7.828333333333333,0.964,0.9545,-0.8644785920051368,LOW
DEMO_SYNTHETIC,PT_014,2020-06-29,20.945147,85.204444,8.086,0.411,0.738,6.873,0.798,121.1,2.41,196.9,328.4,471.0,0.736,0.01318,2.084,-6.002,7.921,0.0926666666666666,1.023,1.9523516664110856,LOW
DEMO_SYNTHETIC,PT_014,2020-07-29,20.945147,85.204444,2.084,-6.002,-6.413,1.771,0.888,121.1,2.41,196.9,162.8,633.8,0.736,0.01318,5.372,3.288,5.948333333333333,-1.9726666666666668,-0.3838333333333333,0.5236622612235622,HIGH
DEMO_SYNTHETIC,PT_014,2020-08-28,20.945147,85.204444,5.372,3.288,9.29,4.566,0.853,121.1,2.41,196.9,255.7,889.5,0.736,0.01318,2.567,-2.805,5.180666666666666,-0.7676666666666668,0.0981666666666666,1.325143213771394,MODERATE
DEMO_SYNTHETIC,PT_014,2020-09-27,20.945147,85.204444,2.567,-2.805,-6.092,2.182,0.717,121.1,2.41,196.9,240.5,1130.0,0.736,0.01318,4.287,1.72,3.341,-1.8396666666666668,-0.8734999999999999,1.194007471266259,MODERATE
DEMO_SYNTHETIC,PT_014,2020-10-27,20.945147,85.204444,4.287,1.72,4.524,3.644,0.708,121.1,2.41,196.9,0.0,1130.0,0.736,0.01318,6.352,2.065,4.075333333333333,0.7343333333333332,-0.6191666666666666,-0.8808705598182788,LOW
DEMO_SYNTHETIC,PT_014,2020-11-26,20.945147,85.204444,6.352,2.065,0.345,5.399,0.707,121.1,2.41,196.9,48.2,1178.2,0.736,0.01318,14.453,8.102,4.402,0.3266666666666664,-0.2205,-0.4650322184533111,MODERATE
DEMO_SYNTHETIC,PT_014,2020-12-26,20.945147,85.204444,14.453,8.102,6.036,12.285,0.618,121.1,2.41,196.9,22.7,1200.8,0.736,0.01318,12.692,-1.761,8.363999999999999,3.9623333333333335,1.0613333333333337,-0.6850296812086363,HIGH
DEMO_SYNTHETIC,PT_014,2021-01-25,20.945147,85.204444,12.692,-1.761,-9.863,10.788,0.665,121.1,2.41,196.9,12.1,1212.9,0.736,0.01318,17.117,4.425,11.165666666666668,2.802,1.7681666666666669,-0.7764796069030069,LOW
DEMO_SYNTHETIC,PT_014,2021-02-24,20.945147,85.204444,17.117,4.425,6.186,14.549,0.676,121.1,2.41,196.9,0.0,1212.9,0.736,0.01318,15.879,-1.238,14.754,3.5886666666666667,1.9576666666666669,-0.8808705598182788,MODERATE
DEMO_SYNTHETIC,PT_014,2021-03-26,20.945147,85.204444,15.879,-1.238,-5.663,13.497,0.698,121.1,2.41,196.9,0.5,1213.4,0.736,0.01318,18.295,2.416,15.229333333333336,0.4753333333333332,2.218833333333333,-0.8765568840779783,MODERATE
DEMO_SYNTHETIC,PT_014,2021-04-25,20.945147,85.204444,18.295,2.416,3.655,15.551,0.622,121.1,2.41,196.9,49.0,1262.4,0.736,0.01318,17.711,-0.584,17.097,1.8676666666666664,2.334833333333333,-0.4581303372688303,MODERATE
DEMO_SYNTHETIC,PT_014,2021-05-25,20.945147,85.204444,17.711,-0.584,-3.0,15.055,0.712,121.1,2.41,196.9,8.7,1271.1,0.736,0.01318,19.167,1.456,17.295,0.1979999999999998,1.893333333333333,-0.8058126019370501,MODERATE
DEMO_SYNTHETIC,PT_014,2021-06-24,20.945147,85.204444,19.167,1.456,2.039,16.292,0.847,121.1,2.41,196.9,226.1,1497.2,0.736,0.01318,17.464,-1.703,18.391,1.096,0.7856666666666666,1.0697736099456046,MODERATE
DEMO_SYNTHETIC,PT_014,2021-07-24,20.945147,85.204444,17.464,-1.703,-3.159,14.844,0.727,121.1,2.41,196.9,253.1,1750.4,0.736,0.01318,18.028,0.564,18.114,-0.2770000000000002,0.7953333333333332,1.3027120999218311,MODERATE
DEMO_SYNTHETIC,PT_014,2021-08-23,20.945147,85.204444,18.028,0.564,2.267,15.324,0.545,121.1,2.41,196.9,296.4,2046.7,0.736,0.01318,18.64,0.612,18.219666666666665,0.1056666666666664,0.1518333333333333,1.676276419031854,MODERATE
DEMO_SYNTHETIC,PT_014,2021-09-22,20.945147,85.204444,18.64,0.612,0.048,15.844,0.711,121.1,2.41,196.9,232.0,2278.7,0.736,0.01318,20.155,1.516,18.044,-0.1756666666666669,0.4601666666666666,1.1206749836811505,MODERATE
DEMO_SYNTHETIC,PT_014,2021-10-22,20.945147,85.204444,20.155,1.516,0.904,17.132,0.705,121.1,2.41,196.9,26.7,2305.4,0.736,0.01318,32.899,12.744,18.941,0.8973333333333331,0.3101666666666666,-0.6505202752862324,MODERATE
DEMO_SYNTHETIC,PT_014,2021-11-21,20.945147,85.204444,32.899,12.744,11.228,27.964,0.529,121.1,2.41,196.9,39.2,2344.6,0.736,0.01318,31.189,-1.71,23.898,4.957333333333334,2.5315,-0.54267838177872,CRITICAL
DEMO_SYNTHETIC,PT_014,2021-12-21,20.945147,85.204444,31.189,-1.71,-14.453,26.511,0.637,121.1,2.41,196.9,31.5,2376.1,0.736,0.01318,37.985,6.795,28.081,4.183333333333334,2.003833333333333,-0.6091089881793477,MODERATE
DEMO_SYNTHETIC,PT_014,2022-01-20,20.945147,85.204444,37.985,6.795,8.505,32.287,0.744,121.1,2.41,196.9,6.0,2382.2,0.736,0.01318,34.536,-3.449,34.02433333333334,5.9430000000000005,3.420166666666667,-0.8291064509346728,HIGH
DEMO_SYNTHETIC,PT_014,2022-02-19,20.945147,85.204444,34.536,-3.449,-10.244,29.355,0.466,121.1,2.41,196.9,38.6,2420.8,0.736,0.01318,38.837,4.302,34.57,0.5453333333333333,2.751333333333333,-0.5478547926670806,MODERATE
DEMO_SYNTHETIC,PT_014,2022-03-21,20.945147,85.204444,38.837,4.302,7.75,33.012,0.736,121.1,2.41,196.9,0.0,2420.8,0.736,0.01318,41.744,2.907,37.11933333333334,2.549333333333333,3.3663333333333334,-0.8808705598182788,MODERATE
DEMO_SYNTHETIC,PT_014,2022-04-20,20.945147,85.204444,41.744,2.907,-1.395,35.482,0.885,121.1,2.41,196.9,38.9,2459.7,0.736,0.01318,39.667,-2.077,38.37233333333333,1.2533333333333332,3.598166666666667,-0.5452665872229003,HIGH
DEMO_SYNTHETIC,PT_014,2022-05-20,20.945147,85.204444,39.667,-2.077,-4.984,33.717,0.753,121.1,2.41,196.9,10.0,2469.7,0.736,0.01318,42.683,3.016,40.08266666666666,1.7106666666666666,1.128,-0.7945970450122688,MODERATE
DEMO_SYNTHETIC,PT_014,2022-06-19,20.945147,85.204444,42.683,3.016,5.093,36.281,0.771,121.1,2.41,196.9,293.5,2763.2,0.736,0.01318,42.868,0.185,41.36466666666667,1.282,1.9156666666666664,1.6512570997381113,HIGH
DEMO_SYNTHETIC,PT_014,2022-07-19,20.945147,85.204444,42.868,0.185,-2.831,36.438,0.646,121.1,2.41,196.9,227.3,2990.5,0.736,0.01318,43.281,0.413,41.73933333333333,0.3746666666666667,0.814,1.080126431722326,HIGH
DEMO_SYNTHETIC,PT_014,2022-08-18,20.945147,85.204444,43.281,0.413,0.228,36.789,0.84,121.1,2.41,196.9,291.1,3281.6,0.736,0.01318,44.479,1.198,42.944,1.2046666666666666,1.4576666666666664,1.630551456184669,HIGH
DEMO_SYNTHETIC,PT_014,2022-09-17,20.945147,85.204444,44.479,1.198,0.785,37.808,0.803,121.1,2.41,196.9,315.9,3597.5,0.736,0.01318,49.634,5.155,43.54266666666666,0.5986666666666666,0.9403333333333332,1.844509772903573,HIGH
DEMO_SYNTHETIC,PT_014,2022-10-17,20.945147,85.204444,49.634,5.155,3.956,42.189,0.728,121.1,2.41,196.9,32.6,3630.1,0.736,0.01318,48.958,-0.676,45.798,2.255333333333333,1.3150000000000002,-0.5996189015506865,HIGH
DEMO_SYNTHETIC,PT_014,2022-11-16,20.945147,85.204444,48.958,-0.676,-5.831,41.615,0.595,121.1,2.41,196.9,22.2,3652.2,0.736,0.01318,55.368,6.409,47.690333333333335,1.8923333333333328,1.5485,-0.6893433569489368,HIGH
DEMO_SYNTHETIC,PT_014,2022-12-16,20.945147,85.204444,55.368,6.409,7.085,47.062,0.57,121.1,2.41,196.9,16.1,3668.3,0.736,0.01318,51.789,-3.579,51.32,3.629333333333333,2.1140000000000003,-0.7419702009806028,HIGH
DEMO_SYNTHETIC,PT_014,2023-01-15,20.945147,85.204444,51.789,-3.579,-9.988,44.021,0.647,121.1,2.41,196.9,35.9,3704.3,0.736,0.01318,57.026,5.237,52.03833333333333,0.7179999999999999,1.4866666666666666,-0.5711486416647032,HIGH
DEMO_SYNTHETIC,PT_014,2023-02-14,20.945147,85.204444,57.026,5.237,8.815,48.472,0.767,121.1,2.41,196.9,39.1,3743.3,0.736,0.01318,61.028,4.002,54.72766666666666,2.689,2.290666666666666,-0.5435411169267801,HIGH
DEMO_SYNTHETIC,PT_014,2023-03-16,20.945147,85.204444,61.028,4.002,-1.235,51.874,0.634,121.1,2.41,196.9,19.7,3763.0,0.736,0.01318,61.689,0.661,56.61433333333334,1.8866666666666667,2.7580000000000005,-0.7109117356504392,HIGH
DEMO_SYNTHETIC,PT_014,2023-04-15,20.945147,85.204444,61.689,0.661,-3.342,52.436,0.825,121.1,2.41,196.9,26.2,3789.2,0.736,0.01318,58.658,-3.032,59.91433333333333,3.3000000000000003,2.009,-0.6548339510265329,HIGH
DEMO_SYNTHETIC,PT_014,2023-05-15,20.945147,85.204444,58.658,-3.032,-3.692,49.859,0.633,121.1,2.41,196.9,11.5,3800.7,0.736,0.01318,60.574,1.917,60.458333333333336,0.5436666666666669,1.6163333333333334,-0.7816560177913674,HIGH
DEMO_SYNTHETIC,PT_014,2023-06-14,20.945147,85.204444,60.574,1.917,4.948,51.488,0.564,121.1,2.41,196.9,248.3,4049.0,0.736,0.01318,61.302,0.728,60.307,-0.151333333333333,0.8676666666666667,1.2613008128149468,HIGH
DEMO_SYNTHETIC,PT_014,2023-07-14,20.945147,85.204444,61.302,0.728,-1.188,52.107,0.864,121.1,2.41,196.9,279.2,4328.2,0.736,0.01318,57.806,-3.496,60.178,-0.1289999999999997,1.5855,1.527885973565517,HIGH
DEMO_SYNTHETIC,PT_014,2023-08-13,20.945147,85.204444,57.806,-3.496,-4.224,49.135,0.768,121.1,2.41,196.9,209.3,4537.5,0.736,0.01318,59.213,1.407,59.894,-0.2836666666666663,0.1299999999999999,0.9248341050715082,HIGH
DEMO_SYNTHETIC,PT_014,2023-09-12,20.945147,85.204444,59.213,1.407,4.904,50.331,0.653,121.1,2.41,196.9,295.5,4833.0,0.736,0.01318,62.91,3.697,59.440333333333335,-0.4536666666666663,-0.3025,1.668511802699313,HIGH
DEMO_SYNTHETIC,PT_014,2023-10-12,20.945147,85.204444,62.91,3.697,2.289,53.473,0.72,121.1,2.41,196.9,35.9,4869.0,0.736,0.01318,65.705,2.795,59.976333333333336,0.5360000000000004,0.2035,-0.5711486416647032,HIGH
DEMO_SYNTHETIC,PT_014,2023-11-11,20.945147,85.204444,65.705,2.795,-0.901,55.849,0.801,121.1,2.41,196.9,32.0,4900.9,0.736,0.01318,65.705,2.795,62.609333333333325,2.6330000000000005,1.1746666666666667,-0.6047953124390472,HIGH
DEMO_SYNTHETIC,PT_015,2020-01-01,20.94221,85.205978,3.952,0.0,0.0,3.359,0.543,89.4,5.84,250.3,42.6,42.6,0.735,0.01325,6.306,2.354,3.952,0.0,0.0,-0.5275158058927806,LOW
DEMO_SYNTHETIC,PT_015,2020-01-31,20.94221,85.205978,6.306,2.354,0.0,5.36,0.645,89.4,5.84,250.3,46.1,88.7,0.735,0.01325,5.048,-1.258,5.129,1.177,1.177,-0.4950616163479799,MODERATE
DEMO_SYNTHETIC,PT_015,2020-03-01,20.94221,85.205978,5.048,-1.258,-3.613,4.291,0.745,89.4,5.84,250.3,17.1,105.8,0.735,0.01325,5.166,0.118,5.102,0.3653333333333333,0.3653333333333333,-0.7639677582906138,LOW
DEMO_SYNTHETIC,PT_015,2020-03-31,20.94221,85.205978,5.166,0.118,1.376,4.391,0.732,89.4,5.84,250.3,44.6,150.3,0.735,0.01325,7.384,2.218,5.506666666666667,0.4046666666666667,0.3035,-0.5089705547243231,LOW
DEMO_SYNTHETIC,PT_015,2020-04-30,20.94221,85.205978,7.384,2.218,2.1,6.277,0.805,89.4,5.84,250.3,0.0,150.3,0.735,0.01325,7.123,-0.261,5.866,0.3593333333333333,0.6864,-0.9225296557809256,MODERATE
DEMO_SYNTHETIC,PT_015,2020-05-30,20.94221,85.205978,7.123,-0.261,-2.479,6.055,0.656,89.4,5.84,250.3,0.0,150.3,0.735,0.01325,8.988,1.865,6.557666666666667,0.6916666666666665,0.5285,-0.9225296557809256,LOW
DEMO_SYNTHETIC,PT_015,2020-06-29,20.94221,85.205978,8.988,1.865,2.126,7.64,0.86,89.4,5.84,250.3,323.6,473.9,0.735,0.01325,2.943,-6.046,7.831666666666667,1.274,0.8393333333333333,2.0780919832755007,LOW
DEMO_SYNTHETIC,PT_015,2020-07-29,20.94221,85.205978,2.943,-6.046,-7.911,2.501,0.708,89.4,5.84,250.3,239.8,713.7,0.735,0.01325,8.807,5.864,6.351333333333334,-1.4806666666666668,-0.5606666666666666,1.3010459593171309,HIGH
DEMO_SYNTHETIC,PT_015,2020-08-28,20.94221,85.205978,8.807,5.864,11.91,7.486,0.699,89.4,5.84,250.3,234.0,947.7,0.735,0.01325,6.984,-1.823,6.9126666666666665,0.5609999999999999,0.6263333333333333,1.2472647309286038,HIGH
DEMO_SYNTHETIC,PT_015,2020-09-27,20.94221,85.205978,6.984,-1.823,-7.687,5.936,0.683,89.4,5.84,250.3,198.4,1146.1,0.735,0.01325,7.334,0.351,6.244666666666667,-0.6683333333333334,0.3028333333333333,0.91715926013006,LOW
DEMO_SYNTHETIC,PT_015,2020-10-27,20.94221,85.205978,7.334,0.351,2.174,6.234,0.997,89.4,5.84,250.3,41.0,1187.0,0.735,0.01325,10.685,3.35,7.708333333333333,1.4640000000000002,-0.0083333333333333,-0.5423520068275466,LOW
DEMO_SYNTHETIC,PT_015,2020-11-26,20.94221,85.205978,10.685,3.35,3.0,9.082,0.607,89.4,5.84,250.3,48.2,1235.2,0.735,0.01325,15.018,4.333,8.334333333333333,0.6259999999999999,0.5935,-0.4755891026210995,MODERATE
DEMO_SYNTHETIC,PT_015,2020-12-26,20.94221,85.205978,15.018,4.333,0.983,12.765,0.787,89.4,5.84,250.3,43.2,1278.4,0.735,0.01325,13.543,-1.476,11.012333333333332,2.6779999999999995,1.0048333333333337,-0.5219522305422433,MODERATE
DEMO_SYNTHETIC,PT_015,2021-01-25,20.94221,85.205978,13.543,-1.476,-5.809,11.511,0.853,89.4,5.84,250.3,18.6,1296.9,0.735,0.01325,19.072,5.53,13.082,2.069,1.7665,-0.7500588199142707,LOW
DEMO_SYNTHETIC,PT_015,2021-02-24,20.94221,85.205978,19.072,5.53,7.005,16.212,0.795,89.4,5.84,250.3,16.2,1313.1,0.735,0.01325,22.55,3.477,15.877666666666665,2.795666666666667,1.7108333333333334,-0.7723131213164198,HIGH
DEMO_SYNTHETIC,PT_015,2021-03-26,20.94221,85.205978,22.55,3.477,-2.053,19.167,0.858,89.4,5.84,250.3,39.3,1352.4,0.735,0.01325,26.904,4.355,18.38833333333333,2.510333333333333,2.5941666666666667,-0.5581154703207355,MODERATE
DEMO_SYNTHETIC,PT_015,2021-04-25,20.94221,85.205978,26.904,4.355,0.877,22.868,0.794,89.4,5.84,250.3,19.5,1371.9,0.735,0.01325,19.017,-7.887,22.842,4.454,3.2615000000000003,-0.7417134568884649,MODERATE
DEMO_SYNTHETIC,PT_015,2021-05-25,20.94221,85.205978,19.017,-7.887,-12.242,16.164,0.781,89.4,5.84,250.3,29.2,1401.1,0.735,0.01325,21.727,2.71,22.823666666666668,-0.0183333333333335,1.3886666666666667,-0.651768988721446,HIGH
DEMO_SYNTHETIC,PT_015,2021-06-24,20.94221,85.205978,21.727,2.71,10.598,18.468,0.83,89.4,5.84,250.3,209.7,1610.8,0.735,0.01325,24.149,2.422,22.549333333333333,-0.2740000000000002,1.118166666666667,1.0219399292318447,MODERATE
DEMO_SYNTHETIC,PT_015,2021-07-24,20.94221,85.205978,24.149,2.422,-0.288,20.527,0.785,89.4,5.84,250.3,234.5,1845.3,0.735,0.01325,24.476,0.327,21.631,-0.9183333333333338,1.7678333333333338,1.2519010437207183,MODERATE
DEMO_SYNTHETIC,PT_015,2021-08-23,20.94221,85.205978,24.476,0.327,-2.095,20.805,0.755,89.4,5.84,250.3,221.7,2067.0,0.735,0.01325,26.53,2.054,23.450666666666667,1.8196666666666657,0.900666666666667,1.13321143624259,MODERATE
DEMO_SYNTHETIC,PT_015,2021-09-22,20.94221,85.205978,26.53,2.054,1.727,22.55,0.883,89.4,5.84,250.3,241.4,2308.3,0.735,0.01325,25.401,-1.129,25.051666666666662,1.6009999999999998,0.6635000000000002,1.3158821602518964,MODERATE
DEMO_SYNTHETIC,PT_015,2021-10-22,20.94221,85.205978,25.401,-1.129,-3.182,21.591,0.638,89.4,5.84,250.3,11.3,2319.7,0.735,0.01325,34.53,9.129,25.469,0.4173333333333328,-0.2504999999999999,-0.8177489866791408,MODERATE
DEMO_SYNTHETIC,PT_015,2021-11-21,20.94221,85.205978,34.53,9.129,10.257,29.351,0.678,89.4,5.84,250.3,38.7,2358.4,0.735,0.01325,37.702,3.172,28.82033333333333,3.351333333333333,2.5855,-0.5636790456712727,HIGH
DEMO_SYNTHETIC,PT_015,2021-12-21,20.94221,85.205978,37.702,3.172,-5.956,32.047,0.764,89.4,5.84,250.3,0.0,2358.4,0.735,0.01325,39.801,2.098,32.544333333333334,3.724,2.6625,-0.9225296557809256,MODERATE
DEMO_SYNTHETIC,PT_015,2022-01-20,20.94221,85.205978,39.801,2.098,-1.074,33.83,0.684,89.4,5.84,250.3,21.0,2379.5,0.735,0.01325,44.524,4.724,37.34433333333333,4.799666666666666,2.6085,-0.7278045185121218,MODERATE
DEMO_SYNTHETIC,PT_015,2022-02-19,20.94221,85.205978,44.524,4.724,2.626,37.846,0.756,89.4,5.84,250.3,27.7,2407.2,0.735,0.01325,49.735,5.211,40.675666666666665,3.3313333333333333,3.341333333333333,-0.6656779270977891,HIGH
DEMO_SYNTHETIC,PT_015,2022-03-21,20.94221,85.205978,49.735,5.211,0.487,42.275,0.743,89.4,5.84,250.3,30.5,2437.7,0.735,0.01325,51.752,2.016,44.68666666666667,4.011,3.8675,-0.6397145754619485,HIGH
DEMO_SYNTHETIC,PT_015,2022-04-20,20.94221,85.205978,51.752,2.016,-3.195,43.989,0.725,89.4,5.84,250.3,12.1,2449.7,0.735,0.01325,57.658,5.906,48.67033333333333,3.9836666666666662,4.391666666666667,-0.8103308862117578,HIGH
DEMO_SYNTHETIC,PT_015,2022-05-20,20.94221,85.205978,57.658,5.906,3.89,49.009,0.687,89.4,5.84,250.3,20.3,2470.1,0.735,0.01325,50.49,-7.168,53.04833333333334,4.377666666666666,3.8545,-0.7342953564210819,HIGH
DEMO_SYNTHETIC,PT_015,2022-06-19,20.94221,85.205978,50.49,-7.168,-13.074,42.917,0.663,89.4,5.84,250.3,141.6,2611.7,0.735,0.01325,54.363,3.873,53.3,0.2513333333333332,2.1311666666666667,0.3904741269458664,HIGH
DEMO_SYNTHETIC,PT_015,2022-07-19,20.94221,85.205978,54.363,3.873,11.04,46.209,0.483,89.4,5.84,250.3,348.6,2960.2,0.735,0.01325,54.872,0.509,54.17033333333333,0.8703333333333333,2.427,2.30990762288122,HIGH
DEMO_SYNTHETIC,PT_015,2022-08-18,20.94221,85.205978,54.872,0.509,-3.364,46.641,0.804,89.4,5.84,250.3,214.1,3174.4,0.735,0.01325,59.306,4.434,53.241666666666674,-0.9286666666666666,1.7245,1.0627394818024514,HIGH
DEMO_SYNTHETIC,PT_015,2022-09-17,20.94221,85.205978,59.306,4.434,3.926,50.41,0.784,89.4,5.84,250.3,194.2,3368.5,0.735,0.01325,59.989,0.683,56.18033333333333,2.9386666666666663,1.595,0.8782142326762991,HIGH
DEMO_SYNTHETIC,PT_015,2022-10-17,20.94221,85.205978,59.989,0.683,-3.751,50.991,0.881,89.4,5.84,250.3,39.6,3408.1,0.735,0.01325,59.06,-0.929,58.05566666666667,1.8753333333333333,1.3728333333333331,-0.5553336826454669,HIGH
DEMO_SYNTHETIC,PT_015,2022-11-16,20.94221,85.205978,59.06,-0.929,-1.612,50.201,0.806,89.4,5.84,250.3,21.6,3429.8,0.735,0.01325,64.531,5.471,59.45166666666666,1.396,0.2336666666666667,-0.7222409431615844,HIGH
DEMO_SYNTHETIC,PT_015,2022-12-16,20.94221,85.205978,64.531,5.471,6.4,54.851,0.738,89.4,5.84,250.3,44.3,3474.1,0.735,0.01325,65.772,1.241,61.19333333333333,1.741666666666667,2.3401666666666667,-0.5117523423995918,HIGH
DEMO_SYNTHETIC,PT_015,2023-01-15,20.94221,85.205978,65.772,1.241,-4.23,55.906,0.808,89.4,5.84,250.3,19.8,3493.9,0.735,0.01325,73.165,7.394,63.121,1.927666666666667,1.9015,-0.7389316692131963,HIGH
DEMO_SYNTHETIC,PT_015,2023-02-14,20.94221,85.205978,73.165,7.394,6.153,62.191,0.63,89.4,5.84,250.3,0.0,3493.9,0.735,0.01325,77.407,4.241,67.82266666666668,4.702000000000001,3.049,-0.9225296557809256,HIGH
DEMO_SYNTHETIC,PT_015,2023-03-16,20.94221,85.205978,77.407,4.241,-3.153,65.796,0.608,89.4,5.84,250.3,33.4,3527.3,0.735,0.01325,80.978,3.572,72.11466666666666,4.292000000000001,3.016833333333333,-0.6128239612676852,HIGH
DEMO_SYNTHETIC,PT_015,2023-04-15,20.94221,85.205978,80.978,3.572,-0.669,68.832,0.699,89.4,5.84,250.3,35.6,3562.9,0.735,0.01325,77.215,-3.764,77.18333333333334,5.069,3.498333333333333,-0.5924241849823819,CRITICAL
DEMO_SYNTHETIC,PT_015,2023-05-15,20.94221,85.205978,77.215,-3.764,-7.335,65.632,0.636,89.4,5.84,250.3,60.6,3623.6,0.735,0.01325,76.67,-0.545,78.53333333333332,1.349666666666667,3.0258333333333334,-0.3606085453766629,HIGH
DEMO_SYNTHETIC,PT_015,2023-06-14,20.94221,85.205978,76.67,-0.545,3.219,65.17,0.899,89.4,5.84,250.3,263.3,3886.9,0.735,0.01325,78.695,2.025,78.28766666666667,-0.245666666666666,2.0231666666666666,1.518952660546507,HIGH
DEMO_SYNTHETIC,PT_015,2023-07-14,20.94221,85.205978,78.695,2.025,2.57,66.891,0.801,89.4,5.84,250.3,333.2,4220.2,0.735,0.01325,74.535,-4.16,77.52666666666666,-0.7613333333333329,2.153833333333333,2.1671091888840968,HIGH
DEMO_SYNTHETIC,PT_015,2023-08-13,20.94221,85.205978,74.535,-4.16,-6.185,63.355,0.855,89.4,5.84,250.3,304.2,4524.4,0.735,0.01325,76.23,1.694,76.63333333333333,-0.8933333333333328,0.2281666666666666,1.8982030469414624,HIGH
DEMO_SYNTHETIC,PT_015,2023-09-12,20.94221,85.205978,76.23,1.694,5.854,64.795,0.742,89.4,5.84,250.3,161.1,4685.5,0.735,0.01325,78.871,2.641,76.48666666666666,-0.1469999999999995,-0.1963333333333333,0.5712903258383272,HIGH
DEMO_SYNTHETIC,PT_015,2023-10-12,20.94221,85.205978,78.871,2.641,0.946,67.04,0.701,89.4,5.84,250.3,64.4,4749.9,0.735,0.01325,80.371,1.5,76.54533333333332,0.0583333333333338,-0.3515,-0.3253725681565936,HIGH
DEMO_SYNTHETIC,PT_015,2023-11-11,20.94221,85.205978,80.371,1.5,-1.141,68.315,0.763,89.4,5.84,250.3,25.6,4775.5,0.735,0.01325,80.371,1.5,78.49066666666666,1.9450000000000005,0.5258333333333333,-0.6851504408246694,CRITICAL
DEMO_SYNTHETIC,PT_016,2020-01-01,20.935598,85.204786,3.997,0.0,0.0,3.398,0.763,149.7,10.14,288.1,28.3,28.3,0.626,0.01869,8.572,4.574,3.997,0.0,0.0,-0.672073413340388,LOW
DEMO_SYNTHETIC,PT_016,2020-01-31,20.935598,85.204786,8.572,4.574,0.0,7.286,0.484,149.7,10.14,288.1,60.2,88.5,0.626,0.01869,8.613,0.041,6.2845,2.287,2.287,-0.3622872034885555,MODERATE
DEMO_SYNTHETIC,PT_016,2020-03-01,20.935598,85.204786,8.613,0.041,-4.533,7.321,0.755,149.7,10.14,288.1,28.2,116.8,0.626,0.01869,8.454,-0.159,7.060666666666666,1.538333333333333,1.538333333333333,-0.6730445299856914,LOW
DEMO_SYNTHETIC,PT_016,2020-03-31,20.935598,85.204786,8.454,-0.159,-0.2,7.186,0.709,149.7,10.14,288.1,13.5,130.3,0.626,0.01869,4.912,-3.543,8.546333333333333,1.4853333333333332,1.114,-0.8157986768453133,LOW
DEMO_SYNTHETIC,PT_016,2020-04-30,20.935598,85.204786,4.912,-3.543,-3.384,4.175,0.597,149.7,10.14,288.1,0.0,130.3,0.626,0.01869,5.309,0.397,7.326333333333333,-1.2203333333333333,0.1825999999999999,-0.9468994239612925,MODERATE
DEMO_SYNTHETIC,PT_016,2020-05-30,20.935598,85.204786,5.309,0.397,3.94,4.512,0.671,149.7,10.14,288.1,36.6,166.9,0.626,0.01869,9.04,3.732,6.2250000000000005,-1.1016666666666666,0.2183333333333333,-0.5914707317801933,LOW
DEMO_SYNTHETIC,PT_016,2020-06-29,20.935598,85.204786,9.04,3.732,3.335,7.684,0.763,149.7,10.14,288.1,339.1,506.0,0.626,0.01869,5.641,-3.399,6.420333333333333,0.1953333333333334,0.8403333333333333,2.3461571202630447,MODERATE
DEMO_SYNTHETIC,PT_016,2020-07-29,20.935598,85.204786,5.641,-3.399,-7.131,4.795,0.726,149.7,10.14,288.1,194.9,700.9,0.626,0.01869,4.216,-1.424,6.663333333333334,0.2433333333333334,-0.4885,0.945806917735326,MODERATE
DEMO_SYNTHETIC,PT_016,2020-08-28,20.935598,85.204786,4.216,-1.424,1.975,3.584,0.701,149.7,10.14,288.1,271.5,972.4,0.626,0.01869,7.221,3.005,6.299,-0.3636666666666665,-0.7326666666666667,1.6896822680378447,LOW
DEMO_SYNTHETIC,PT_016,2020-09-27,20.935598,85.204786,7.221,3.005,4.429,6.138,0.588,149.7,10.14,288.1,196.2,1168.6,0.626,0.01869,8.474,1.253,5.692666666666667,-0.6059999999999999,-0.2053333333333333,0.9584314341242718,MODERATE
DEMO_SYNTHETIC,PT_016,2020-10-27,20.935598,85.204786,8.474,1.253,-1.752,7.203,0.656,149.7,10.14,288.1,1.5,1170.1,0.626,0.01869,5.565,-2.909,6.6370000000000005,0.9446666666666668,0.594,-0.9323326742817392,LOW
DEMO_SYNTHETIC,PT_016,2020-11-26,20.935598,85.204786,5.565,-2.909,-4.162,4.731,0.773,149.7,10.14,288.1,21.8,1192.0,0.626,0.01869,12.251,6.686,7.086666666666666,0.449666666666667,0.043,-0.7351959952851187,MODERATE
DEMO_SYNTHETIC,PT_016,2020-12-26,20.935598,85.204786,12.251,6.686,9.594,10.413,0.722,149.7,10.14,288.1,23.2,1215.2,0.626,0.01869,16.535,4.284,8.763333333333334,1.676666666666667,0.5353333333333333,-0.7216003622508689,HIGH
DEMO_SYNTHETIC,PT_016,2021-01-25,20.935598,85.204786,16.535,4.284,-2.402,14.055,0.665,149.7,10.14,288.1,28.8,1244.0,0.626,0.01869,14.146,-2.388,11.450333333333331,2.687,1.8158333333333327,-0.6672178301138701,MODERATE
DEMO_SYNTHETIC,PT_016,2021-02-24,20.935598,85.204786,14.146,-2.388,-6.672,12.024,0.822,149.7,10.14,288.1,21.1,1265.0,0.626,0.01869,16.578,2.432,14.310666666666668,2.860666666666667,1.6551666666666665,-0.7419938118022434,MODERATE
DEMO_SYNTHETIC,PT_016,2021-03-26,20.935598,85.204786,16.578,2.432,4.82,14.091,0.585,149.7,10.14,288.1,45.7,1310.7,0.626,0.01869,21.668,5.089,15.753,1.442666666666667,1.5596666666666668,-0.5030991170575703,MODERATE
DEMO_SYNTHETIC,PT_016,2021-04-25,20.935598,85.204786,21.668,5.089,2.658,18.417,0.589,149.7,10.14,288.1,9.1,1319.8,0.626,0.01869,18.202,-3.466,17.464,1.7110000000000003,2.1990000000000003,-0.8585278092386694,HIGH
DEMO_SYNTHETIC,PT_016,2021-05-25,20.935598,85.204786,18.202,-3.466,-8.555,15.471,0.792,149.7,10.14,288.1,7.7,1327.5,0.626,0.01869,20.567,2.366,18.816,1.3516666666666672,2.1061666666666667,-0.8721234422729192,MODERATE
DEMO_SYNTHETIC,PT_016,2021-06-24,20.935598,85.204786,20.567,2.366,5.832,17.482,0.739,149.7,10.14,288.1,231.4,1558.9,0.626,0.01869,21.812,1.244,20.145666666666667,1.3296666666666672,1.3861666666666668,1.3002644932711216,MODERATE
DEMO_SYNTHETIC,PT_016,2021-07-24,20.935598,85.204786,21.812,1.244,-1.122,18.54,0.816,149.7,10.14,288.1,166.5,1725.4,0.626,0.01869,22.193,0.382,20.19366666666667,0.0480000000000004,0.8795000000000002,0.6700097904691177,MODERATE
DEMO_SYNTHETIC,PT_016,2021-08-23,20.935598,85.204786,22.193,0.382,-0.862,18.864,0.78,149.7,10.14,288.1,265.9,1991.3,0.626,0.01869,24.859,2.665,21.524,1.330666666666667,1.3411666666666668,1.6352997359008457,MODERATE
DEMO_SYNTHETIC,PT_016,2021-09-22,20.935598,85.204786,24.859,2.665,2.284,21.13,0.584,149.7,10.14,288.1,276.8,2268.2,0.626,0.01869,29.049,4.19,22.954666666666668,1.4303333333333337,1.38,1.741151450238933,MODERATE
DEMO_SYNTHETIC,PT_016,2021-10-22,20.935598,85.204786,29.049,4.19,1.525,24.692,0.795,149.7,10.14,288.1,20.1,2288.2,0.626,0.01869,30.949,1.9,25.367,2.412333333333334,1.2301666666666666,-0.7517049782552789,MODERATE
DEMO_SYNTHETIC,PT_016,2021-11-21,20.935598,85.204786,30.949,1.9,-2.29,26.306,0.981,149.7,10.14,288.1,74.5,2362.7,0.626,0.01869,32.592,1.644,28.285666666666668,2.918333333333333,2.1245000000000003,-0.2234175232101479,MODERATE
DEMO_SYNTHETIC,PT_016,2021-12-21,20.935598,85.204786,32.592,1.644,-0.256,27.704,0.575,149.7,10.14,288.1,14.3,2377.0,0.626,0.01869,37.254,4.662,30.863333333333333,2.5780000000000007,2.004166666666667,-0.8080297436828849,MODERATE
DEMO_SYNTHETIC,PT_016,2022-01-20,20.935598,85.204786,37.254,4.662,3.018,31.666,0.718,149.7,10.14,288.1,38.9,2415.9,0.626,0.01869,40.551,3.297,33.59833333333333,2.735333333333333,2.5738333333333334,-0.5691350489382117,MODERATE
DEMO_SYNTHETIC,PT_016,2022-02-19,20.935598,85.204786,40.551,3.297,-1.365,34.468,0.726,149.7,10.14,288.1,12.7,2428.7,0.626,0.01869,42.436,1.885,36.799,3.201,3.0596666666666668,-0.8235676100077416,HIGH
DEMO_SYNTHETIC,PT_016,2022-03-21,20.935598,85.204786,42.436,1.885,-1.412,36.071,0.763,149.7,10.14,288.1,28.7,2457.4,0.626,0.01869,44.612,2.176,40.080333333333336,3.281333333333334,2.9296666666666664,-0.6681889467591737,HIGH
DEMO_SYNTHETIC,PT_016,2022-04-20,20.935598,85.204786,44.612,2.176,0.291,37.92,0.751,149.7,10.14,288.1,25.6,2483.0,0.626,0.01869,42.98,-1.632,42.533,2.452666666666667,2.594,-0.6982935627635837,HIGH
DEMO_SYNTHETIC,PT_016,2022-05-20,20.935598,85.204786,42.98,-1.632,-3.808,36.533,0.712,149.7,10.14,288.1,43.6,2526.6,0.626,0.01869,43.928,0.949,43.34266666666667,0.8096666666666673,2.005333333333333,-0.5234925666089448,HIGH
DEMO_SYNTHETIC,PT_016,2022-06-19,20.935598,85.204786,43.928,0.949,2.581,37.339,0.593,149.7,10.14,288.1,282.3,2808.9,0.626,0.01869,46.536,2.607,43.84,0.4976666666666671,1.8895,1.794562865730628,HIGH
DEMO_SYNTHETIC,PT_016,2022-07-19,20.935598,85.204786,46.536,2.607,1.659,39.555,0.636,149.7,10.14,288.1,279.6,3088.5,0.626,0.01869,45.184,-1.351,44.48133333333334,0.6413333333333338,1.547,1.7683427163074323,HIGH
DEMO_SYNTHETIC,PT_016,2022-08-18,20.935598,85.204786,45.184,-1.351,-3.959,38.407,0.837,149.7,10.14,288.1,156.4,3245.0,0.626,0.01869,48.506,3.322,45.216,0.7350000000000003,0.7723333333333334,0.5719270092934593,HIGH
DEMO_SYNTHETIC,PT_016,2022-09-17,20.935598,85.204786,48.506,3.322,4.673,41.23,0.662,149.7,10.14,288.1,213.3,3458.2,0.626,0.01869,49.331,0.825,46.742,1.5260000000000005,1.0118333333333334,1.124492380471179,HIGH
DEMO_SYNTHETIC,PT_016,2022-10-17,20.935598,85.204786,49.331,0.825,-2.497,41.932,0.613,149.7,10.14,288.1,49.4,3507.6,0.626,0.01869,56.417,7.086,47.67366666666667,0.9320000000000004,0.7866666666666667,-0.4671678011813389,HIGH
DEMO_SYNTHETIC,PT_016,2022-11-16,20.935598,85.204786,56.417,7.086,6.261,47.955,0.775,149.7,10.14,288.1,26.5,3534.1,0.626,0.01869,57.68,1.262,51.418000000000006,3.7443333333333335,2.239666666666667,-0.6895535129558518,HIGH
DEMO_SYNTHETIC,PT_016,2022-12-16,20.935598,85.204786,57.68,1.262,-5.824,49.028,0.604,149.7,10.14,288.1,30.0,3564.0,0.626,0.01869,57.037,-0.643,54.476,3.0576666666666674,2.2918333333333334,-0.6555644303702276,HIGH
DEMO_SYNTHETIC,PT_016,2023-01-15,20.935598,85.204786,57.037,-0.643,-1.905,48.481,0.658,149.7,10.14,288.1,28.4,3592.4,0.626,0.01869,63.818,6.782,57.04466666666667,2.568333333333334,1.7501666666666669,-0.6711022966950845,HIGH
DEMO_SYNTHETIC,PT_016,2023-02-14,20.935598,85.204786,63.818,6.782,7.425,54.246,0.59,149.7,10.14,288.1,28.4,3620.8,0.626,0.01869,62.025,-1.793,59.51166666666666,2.467,3.1056666666666666,-0.6711022966950845,HIGH
DEMO_SYNTHETIC,PT_016,2023-03-16,20.935598,85.204786,62.025,-1.793,-8.575,52.721,0.729,149.7,10.14,288.1,53.3,3674.1,0.626,0.01869,67.875,5.849,60.96,1.448666666666667,2.253166666666667,-0.4292942520145005,HIGH
DEMO_SYNTHETIC,PT_016,2023-04-15,20.935598,85.204786,67.875,5.849,7.643,57.693,0.821,149.7,10.14,288.1,18.4,3692.5,0.626,0.01869,67.498,-0.377,64.57266666666668,3.612666666666667,3.0905,-0.7682139612254394,HIGH
DEMO_SYNTHETIC,PT_016,2023-05-15,20.935598,85.204786,67.498,-0.377,-6.226,57.373,0.545,149.7,10.14,288.1,40.0,3732.5,0.626,0.01869,69.776,2.278,65.79933333333334,1.2263333333333335,1.846666666666667,-0.5584527658398726,HIGH
DEMO_SYNTHETIC,PT_016,2023-06-14,20.935598,85.204786,69.776,2.278,2.655,59.309,0.662,149.7,10.14,288.1,303.6,4036.1,0.626,0.01869,65.972,-3.803,68.383,2.583333333333333,2.016,2.0014107111802844,HIGH
DEMO_SYNTHETIC,PT_016,2023-07-14,20.935598,85.204786,65.972,-3.803,-6.082,56.076,0.676,149.7,10.14,288.1,171.9,4208.0,0.626,0.01869,64.024,-1.949,67.74866666666667,-0.6339999999999998,1.4893333333333334,0.7224500893155095,HIGH
DEMO_SYNTHETIC,PT_016,2023-08-13,20.935598,85.204786,64.024,-1.949,1.855,54.42,0.887,149.7,10.14,288.1,173.8,4381.8,0.626,0.01869,63.061,-0.963,66.59066666666666,-1.1579999999999997,0.0341666666666666,0.740901305576277,HIGH
DEMO_SYNTHETIC,PT_016,2023-09-12,20.935598,85.204786,63.061,-0.963,0.986,53.602,0.522,149.7,10.14,288.1,209.0,4590.8,0.626,0.01869,67.549,4.488,64.35233333333333,-2.238333333333333,0.1724999999999999,1.0827343647231262,HIGH
DEMO_SYNTHETIC,PT_016,2023-10-12,20.935598,85.204786,67.549,4.488,5.451,57.417,0.771,149.7,10.14,288.1,62.1,4652.8,0.626,0.01869,67.668,0.119,64.878,0.5253333333333337,-0.0543333333333332,-0.3438359872277881,HIGH
DEMO_SYNTHETIC,PT_016,2023-11-11,20.935598,85.204786,67.668,0.119,-4.369,57.518,0.63,149.7,10.14,288.1,27.5,4680.3,0.626,0.01869,67.668,0.119,66.09266666666667,1.214666666666667,0.0283333333333333,-0.6798423465028163,HIGH
DEMO_SYNTHETIC,PT_017,2020-01-01,20.924109,85.204517,0.905,0.0,0.0,0.769,0.908,159.5,8.96,226.2,35.2,35.2,0.428,0.02861,1.357,0.452,0.905,0.0,0.0,-0.6023205955111998,LOW
DEMO_SYNTHETIC,PT_017,2020-01-31,20.924109,85.204517,1.357,0.452,0.0,1.154,0.482,159.5,8.96,226.2,27.0,62.3,0.428,0.02861,3.967,2.61,1.131,0.226,0.226,-0.6786284963716376,LOW
DEMO_SYNTHETIC,PT_017,2020-03-01,20.924109,85.204517,3.967,2.61,2.158,3.372,0.776,159.5,8.96,226.2,7.2,69.5,0.428,0.02861,3.768,-0.2,2.0763333333333334,1.0206666666666666,1.0206666666666666,-0.8628841594248898,MODERATE
DEMO_SYNTHETIC,PT_017,2020-03-31,20.924109,85.204517,3.768,-0.2,-2.81,3.202,0.903,159.5,8.96,226.2,2.2,71.6,0.428,0.02861,3.757,-0.01,3.0306666666666664,0.9539999999999998,0.7154999999999999,-0.9094133672666204,LOW
DEMO_SYNTHETIC,PT_017,2020-04-30,20.924109,85.204517,3.757,-0.01,0.189,3.193,0.753,159.5,8.96,226.2,44.9,116.5,0.428,0.02861,7.595,3.838,3.830666666666667,0.7999999999999999,0.5704,-0.5120539322982428,LOW
DEMO_SYNTHETIC,PT_017,2020-05-30,20.924109,85.204517,7.595,3.838,3.848,6.456,0.569,159.5,8.96,226.2,25.7,142.3,0.428,0.02861,0.823,-6.771,5.04,1.2093333333333334,1.115,-0.6907260904104875,MODERATE
DEMO_SYNTHETIC,PT_017,2020-06-29,20.924109,85.204517,0.823,-6.771,-10.609,0.7,0.684,159.5,8.96,226.2,311.1,453.3,0.428,0.02861,6.316,5.493,4.058333333333334,-0.981,-0.0134999999999999,1.9651610931954828,HIGH
DEMO_SYNTHETIC,PT_017,2020-07-29,20.924109,85.204517,6.316,5.493,12.264,5.369,0.729,159.5,8.96,226.2,149.5,602.8,0.428,0.02861,2.218,-4.099,4.911333333333332,0.8533333333333335,0.8266666666666668,0.4613370957507567,HIGH
DEMO_SYNTHETIC,PT_017,2020-08-28,20.924109,85.204517,2.218,-4.099,-9.592,1.885,0.888,159.5,8.96,226.2,189.3,792.1,0.428,0.02861,2.291,0.074,3.119,-1.7923333333333331,-0.2914999999999998,0.8317095901709307,MODERATE
DEMO_SYNTHETIC,PT_017,2020-09-27,20.924109,85.204517,2.291,0.074,4.173,1.948,0.779,159.5,8.96,226.2,243.2,1035.4,0.428,0.02861,-0.163,-2.454,3.608333333333333,0.4893333333333334,-0.2458333333333332,1.333294450704784,LOW
DEMO_SYNTHETIC,PT_017,2020-10-27,20.924109,85.204517,-0.163,-2.454,-2.528,-0.138,0.739,159.5,8.96,226.2,8.9,1044.3,0.428,0.02861,5.194,5.356,1.4486666666666668,-2.159666666666667,-0.6531666666666666,-0.8470642287587015,MODERATE
DEMO_SYNTHETIC,PT_017,2020-11-26,20.924109,85.204517,5.194,5.356,7.811,4.415,0.689,159.5,8.96,226.2,15.4,1059.6,0.428,0.02861,6.656,1.462,2.4406666666666665,0.9919999999999995,-0.4001666666666666,-0.786576258564452,HIGH
DEMO_SYNTHETIC,PT_017,2020-12-26,20.924109,85.204517,6.656,1.462,-3.894,5.658,0.654,159.5,8.96,226.2,26.5,1086.1,0.428,0.02861,9.869,3.213,3.895666666666667,1.4546666666666663,0.972,-0.6832814171558106,LOW
DEMO_SYNTHETIC,PT_017,2021-01-25,20.924109,85.204517,9.869,3.213,1.751,8.389,0.631,159.5,8.96,226.2,34.9,1121.0,0.428,0.02861,8.466,-1.403,7.239666666666667,3.343666666666666,0.592,-0.6051123479817037,MODERATE
DEMO_SYNTHETIC,PT_017,2021-02-24,20.924109,85.204517,8.466,-1.403,-4.616,7.196,0.925,159.5,8.96,226.2,28.6,1149.6,0.428,0.02861,8.419,-0.047,8.330333333333334,1.090666666666667,1.0413333333333332,-0.6637391498622838,LOW
DEMO_SYNTHETIC,PT_017,2021-03-26,20.924109,85.204517,8.419,-0.047,1.356,7.156,0.756,159.5,8.96,226.2,37.2,1186.9,0.428,0.02861,12.311,3.892,8.918,0.5876666666666667,1.0211666666666666,-0.5837089123745076,LOW
DEMO_SYNTHETIC,PT_017,2021-04-25,20.924109,85.204517,12.311,3.892,3.939,10.464,0.833,159.5,8.96,226.2,19.1,1206.0,0.428,0.02861,8.645,-3.666,9.732,0.814,2.0788333333333333,-0.7521446447615715,MODERATE
DEMO_SYNTHETIC,PT_017,2021-05-25,20.924109,85.204517,8.645,-3.666,-7.558,7.348,0.892,159.5,8.96,226.2,22.3,1228.3,0.428,0.02861,11.167,2.522,9.791666666666666,0.0596666666666666,0.5751666666666666,-0.7223659517428641,MODERATE
DEMO_SYNTHETIC,PT_017,2021-06-24,20.924109,85.204517,11.167,2.522,6.188,9.492,0.666,159.5,8.96,226.2,177.4,1405.7,0.428,0.02861,8.976,-2.19,10.707666666666668,0.916,0.7518333333333332,0.7209700755076123,MODERATE
DEMO_SYNTHETIC,PT_017,2021-07-24,20.924109,85.204517,8.976,-2.19,-4.712,7.63,0.546,159.5,8.96,226.2,240.5,1646.2,0.428,0.02861,9.218,0.241,9.596000000000002,-1.1113333333333333,-0.1486666666666667,1.3081686784702495,MODERATE
DEMO_SYNTHETIC,PT_017,2021-08-23,20.924109,85.204517,9.218,0.241,2.431,7.835,0.749,159.5,8.96,226.2,214.7,1860.9,0.428,0.02861,9.66,0.443,9.787,0.1909999999999999,0.1253333333333332,1.0680779660069208,LOW
DEMO_SYNTHETIC,PT_017,2021-09-22,20.924109,85.204517,9.66,0.443,0.202,8.211,0.648,159.5,8.96,226.2,353.6,2214.5,0.428,0.02861,12.773,3.113,9.284666666666666,-0.5019999999999999,0.2069999999999999,2.360659359850191,LOW
DEMO_SYNTHETIC,PT_017,2021-10-22,20.924109,85.204517,12.773,3.113,2.671,10.857,0.669,159.5,8.96,226.2,30.3,2244.8,0.428,0.02861,13.402,0.629,10.550333333333334,1.2656666666666667,0.0771666666666666,-0.6479192191960955,MODERATE
DEMO_SYNTHETIC,PT_017,2021-11-21,20.924109,85.204517,13.402,0.629,-2.484,11.392,0.547,159.5,8.96,226.2,9.2,2253.9,0.428,0.02861,16.448,3.046,11.945,1.3950000000000002,0.7929999999999998,-0.8442724762881977,LOW
DEMO_SYNTHETIC,PT_017,2021-12-21,20.924109,85.204517,16.448,3.046,2.417,13.981,0.692,159.5,8.96,226.2,38.9,2292.8,0.428,0.02861,18.247,1.799,14.207666666666668,2.2626666666666666,0.8803333333333333,-0.5678889817083193,MODERATE
DEMO_SYNTHETIC,PT_017,2022-01-20,20.924109,85.204517,18.247,1.799,-1.246,15.51,0.934,159.5,8.96,226.2,26.6,2319.4,0.428,0.02861,18.502,0.254,16.03233333333333,1.8246666666666669,1.5451666666666666,-0.6823508329989759,MODERATE
DEMO_SYNTHETIC,PT_017,2022-02-19,20.924109,85.204517,18.502,0.254,-1.545,15.726,0.774,159.5,8.96,226.2,60.9,2380.3,0.428,0.02861,21.856,3.354,17.732333333333333,1.6996666666666669,1.5473333333333332,-0.3631604672047056,MODERATE
DEMO_SYNTHETIC,PT_017,2022-03-21,20.924109,85.204517,21.856,3.354,3.1,18.577,0.685,159.5,8.96,226.2,22.2,2402.6,0.428,0.02861,23.494,1.639,19.535,1.8023333333333331,2.0325,-0.7232965358996987,MODERATE
DEMO_SYNTHETIC,PT_017,2022-04-20,20.924109,85.204517,23.494,1.639,-1.715,19.97,0.674,159.5,8.96,226.2,40.9,2443.5,0.428,0.02861,21.725,-1.769,21.284,1.749,1.7868333333333333,-0.5492772985716271,MODERATE
DEMO_SYNTHETIC,PT_017,2022-05-20,20.924109,85.204517,21.725,-1.769,-3.408,18.466,0.621,159.5,8.96,226.2,35.9,2479.4,0.428,0.02861,22.25,0.525,22.35833333333333,1.0746666666666669,1.3871666666666669,-0.5958065064133575,MODERATE
DEMO_SYNTHETIC,PT_017,2022-06-19,20.924109,85.204517,22.25,0.525,2.295,18.913,0.588,159.5,8.96,226.2,251.6,2731.0,0.428,0.02861,20.126,-2.124,22.489666666666665,0.1316666666666667,0.967,1.4114635198788912,MODERATE
DEMO_SYNTHETIC,PT_017,2022-07-19,20.924109,85.204517,20.126,-2.124,-2.649,17.107,0.671,159.5,8.96,226.2,219.8,2950.8,0.428,0.02861,20.259,0.133,21.367,-1.1226666666666667,0.3131666666666666,1.115537758005486,MODERATE
DEMO_SYNTHETIC,PT_017,2022-08-18,20.924109,85.204517,20.259,0.133,2.257,17.22,0.734,159.5,8.96,226.2,219.7,3170.5,0.428,0.02861,20.317,0.058,20.87833333333333,-0.4886666666666667,0.293,1.1146071738486512,MODERATE
DEMO_SYNTHETIC,PT_017,2022-09-17,20.924109,85.204517,20.317,0.058,-0.075,17.27,0.673,159.5,8.96,226.2,222.2,3392.7,0.428,0.02861,24.214,3.896,20.234,-0.6443333333333333,-0.2563333333333333,1.1378717777695164,MODERATE
DEMO_SYNTHETIC,PT_017,2022-10-17,20.924109,85.204517,24.214,3.896,3.839,20.582,0.767,159.5,8.96,226.2,30.2,3422.9,0.428,0.02861,25.3,1.086,21.596666666666664,1.3623333333333332,0.1198333333333333,-0.6488498033529301,MODERATE
DEMO_SYNTHETIC,PT_017,2022-11-16,20.924109,85.204517,25.3,1.086,-2.81,21.505,0.995,159.5,8.96,226.2,11.8,3434.8,0.428,0.02861,27.525,2.225,23.277,1.68,0.5956666666666667,-0.820077288210498,MODERATE
DEMO_SYNTHETIC,PT_017,2022-12-16,20.924109,85.204517,27.525,2.225,1.139,23.396,0.731,159.5,8.96,226.2,19.5,3454.3,0.428,0.02861,30.339,2.814,25.679666666666662,2.402333333333333,0.8789999999999999,-0.7484223081342332,MODERATE
DEMO_SYNTHETIC,PT_017,2023-01-15,20.924109,85.204517,30.339,2.814,0.589,25.788,0.653,159.5,8.96,226.2,36.7,3491.0,0.428,0.02861,31.057,0.717,27.72133333333333,2.0416666666666665,1.702,-0.5883618331586806,MODERATE
DEMO_SYNTHETIC,PT_017,2023-02-14,20.924109,85.204517,31.057,0.717,-2.097,26.398,0.675,159.5,8.96,226.2,15.3,3506.3,0.428,0.02861,35.719,4.663,29.64033333333333,1.9186666666666663,1.7993333333333332,-0.7875068427212867,MODERATE
DEMO_SYNTHETIC,PT_017,2023-03-16,20.924109,85.204517,35.719,4.663,3.945,30.362,0.973,159.5,8.96,226.2,46.0,3552.3,0.428,0.02861,32.664,-3.055,32.37166666666667,2.731333333333333,2.5668333333333333,-0.5018175065730621,MODERATE
DEMO_SYNTHETIC,PT_017,2023-04-15,20.924109,85.204517,32.664,-3.055,-7.718,27.765,0.773,159.5,8.96,226.2,25.4,3577.6,0.428,0.02861,35.086,2.422,33.14666666666667,0.7749999999999999,1.4083333333333334,-0.6935178428809914,MODERATE
DEMO_SYNTHETIC,PT_017,2023-05-15,20.924109,85.204517,35.086,2.422,5.477,29.823,0.614,159.5,8.96,226.2,30.7,3608.3,0.428,0.02861,31.189,-3.898,34.489666666666665,1.343333333333333,1.6310000000000002,-0.6441968825687571,MODERATE
DEMO_SYNTHETIC,PT_017,2023-06-14,20.924109,85.204517,31.189,-3.898,-6.319,26.51,0.82,159.5,8.96,226.2,234.9,3843.2,0.428,0.02861,26.823,-4.366,32.97966666666667,-1.5103333333333335,0.6104999999999999,1.256055965687512,MODERATE
DEMO_SYNTHETIC,PT_017,2023-07-14,20.924109,85.204517,26.823,-4.366,-0.468,22.799,0.668,159.5,8.96,226.2,272.9,4116.1,0.428,0.02861,29.072,2.25,31.03266666666667,-1.9473333333333336,-0.5861666666666666,1.609677945284662,MODERATE
DEMO_SYNTHETIC,PT_017,2023-08-13,20.924109,85.204517,29.072,2.25,6.616,24.712,0.64,159.5,8.96,226.2,314.5,4430.6,0.428,0.02861,27.751,-1.322,29.028,-2.004666666666667,-0.3306666666666666,1.996800954527859,MODERATE
DEMO_SYNTHETIC,PT_017,2023-09-12,20.924109,85.204517,27.751,-1.322,-3.572,23.588,0.595,159.5,8.96,226.2,280.9,4711.6,0.428,0.02861,30.794,3.043,27.882000000000005,-1.146,-1.3281666666666667,1.6841246778314307,MODERATE
DEMO_SYNTHETIC,PT_017,2023-10-12,20.924109,85.204517,30.794,3.043,4.365,26.175,0.839,159.5,8.96,226.2,45.6,4757.1,0.428,0.02861,30.573,-0.221,29.20566666666667,1.3236666666666663,-0.3118333333333332,-0.5055398432004006,MODERATE
DEMO_SYNTHETIC,PT_017,2023-11-11,20.924109,85.204517,30.573,-0.221,-3.264,25.987,0.742,159.5,8.96,226.2,39.4,4796.5,0.428,0.02861,30.573,-0.221,29.706000000000003,0.4999999999999997,-0.7523333333333334,-0.5632360609241462,MODERATE
DEMO_SYNTHETIC,PT_018,2020-01-01,20.925995,85.212121,1.933,0.0,0.0,1.643,0.642,111.0,2.74,183.0,24.2,24.2,0.511,0.02444,5.185,3.253,1.933,0.0,0.0,-0.7101323082250843,LOW
DEMO_SYNTHETIC,PT_018,2020-01-31,20.925995,85.212121,5.185,3.253,0.0,4.408,0.79,111.0,2.74,183.0,27.5,51.7,0.511,0.02444,5.876,0.69,3.559,1.6265,1.6265,-0.6760882545878296,MODERATE
DEMO_SYNTHETIC,PT_018,2020-03-01,20.925995,85.212121,5.876,0.69,-2.562,4.995,0.8,111.0,2.74,183.0,3.5,55.2,0.511,0.02444,10.067,4.191,4.331333333333333,1.3143333333333334,1.3143333333333334,-0.9236813719496824,LOW
DEMO_SYNTHETIC,PT_018,2020-03-31,20.925995,85.212121,10.067,4.191,3.501,8.557,0.54,111.0,2.74,183.0,41.7,96.9,0.511,0.02444,5.031,-5.036,7.042666666666666,2.7113333333333336,2.0335,-0.5295956601487335,MODERATE
DEMO_SYNTHETIC,PT_018,2020-04-30,20.925995,85.212121,5.031,-5.036,-9.227,4.276,0.72,111.0,2.74,183.0,26.7,123.6,0.511,0.02444,4.874,-0.157,6.991333333333333,-0.0516666666666667,0.6195999999999999,-0.6843413584998914,HIGH
DEMO_SYNTHETIC,PT_018,2020-05-30,20.925995,85.212121,4.874,-0.157,4.88,4.143,0.53,111.0,2.74,183.0,34.1,157.7,0.511,0.02444,1.144,-3.73,6.657333333333334,-0.3340000000000001,0.4901666666666666,-0.6080001473133202,LOW
DEMO_SYNTHETIC,PT_018,2020-06-29,20.925995,85.212121,1.144,-3.73,-3.574,0.972,0.822,111.0,2.74,183.0,203.9,361.6,0.511,0.02444,2.461,1.317,3.683,-2.974333333333333,-0.1315,1.1437211580217872,MODERATE
DEMO_SYNTHETIC,PT_018,2020-07-29,20.925995,85.212121,2.461,1.317,5.047,2.092,0.604,111.0,2.74,183.0,240.4,602.0,0.511,0.02444,5.152,2.691,2.826333333333333,-0.856666666666667,-0.4541666666666666,1.5202690240096048,LOW
DEMO_SYNTHETIC,PT_018,2020-08-28,20.925995,85.212121,5.152,2.691,1.374,4.379,0.82,111.0,2.74,183.0,176.8,778.8,0.511,0.02444,1.419,-3.733,2.919,0.0926666666666662,-0.1206666666666667,0.8641472630006953,MODERATE
DEMO_SYNTHETIC,PT_018,2020-09-27,20.925995,85.212121,1.419,-3.733,-6.424,1.206,0.741,111.0,2.74,183.0,289.6,1068.4,0.511,0.02444,0.689,-0.731,3.010666666666667,0.0916666666666663,-1.4413333333333334,2.027834914601403,MODERATE
DEMO_SYNTHETIC,PT_018,2020-10-27,20.925995,85.212121,0.689,-0.731,3.002,0.585,0.589,111.0,2.74,183.0,8.1,1076.5,0.511,0.02444,1.352,0.663,2.42,-0.5910000000000005,-0.7238333333333334,-0.8762260244553273,LOW
DEMO_SYNTHETIC,PT_018,2020-11-26,20.925995,85.212121,1.352,0.663,1.394,1.149,0.807,111.0,2.74,183.0,30.6,1107.1,0.511,0.02444,6.202,4.85,1.153333333333333,-1.2670000000000003,-0.5871666666666667,-0.6441074769285904,LOW
DEMO_SYNTHETIC,PT_018,2020-12-26,20.925995,85.212121,6.202,4.85,4.187,5.272,0.738,111.0,2.74,183.0,16.7,1123.8,0.511,0.02444,2.445,-3.757,2.747666666666667,1.5939999999999994,0.8428333333333331,-0.7875051574006633,MODERATE
DEMO_SYNTHETIC,PT_018,2021-01-25,20.925995,85.212121,2.445,-3.757,-8.607,2.078,0.775,111.0,2.74,183.0,29.7,1153.4,0.511,0.02444,7.3,4.855,3.333,0.5853333333333327,-0.0028333333333336,-0.6533922188296598,MODERATE
DEMO_SYNTHETIC,PT_018,2021-02-24,20.925995,85.212121,7.3,4.855,8.612,6.205,0.608,111.0,2.74,183.0,18.8,1172.3,0.511,0.02444,13.002,5.702,5.315666666666666,1.982666666666666,0.3578333333333331,-0.7658407596315012,MODERATE
DEMO_SYNTHETIC,PT_018,2021-03-26,20.925995,85.212121,13.002,5.702,0.848,11.052,0.834,111.0,2.74,183.0,39.5,1211.7,0.511,0.02444,10.561,-2.441,7.582333333333334,2.266666666666666,1.9303333333333328,-0.5522916959069033,HIGH
DEMO_SYNTHETIC,PT_018,2021-04-25,20.925995,85.212121,10.561,-2.441,-8.144,8.977,0.723,111.0,2.74,183.0,46.6,1258.4,0.511,0.02444,14.309,3.747,10.287666666666668,2.7053333333333334,1.645333333333333,-0.4790453986873552,MODERATE
DEMO_SYNTHETIC,PT_018,2021-05-25,20.925995,85.212121,14.309,3.747,6.189,12.163,0.66,111.0,2.74,183.0,0.0,1258.4,0.511,0.02444,8.401,-5.908,12.624,2.3359999999999994,2.159333333333333,-0.9597887015649524,MODERATE
DEMO_SYNTHETIC,PT_018,2021-06-24,20.925995,85.212121,8.401,-5.908,-9.655,7.141,0.39,111.0,2.74,183.0,154.6,1413.0,0.511,0.02444,8.791,0.389,11.090333333333334,-1.5340000000000007,0.3663333333333331,0.6351236294409816,HIGH
DEMO_SYNTHETIC,PT_018,2021-07-24,20.925995,85.212121,8.791,0.389,6.297,7.472,0.731,111.0,2.74,183.0,230.1,1643.1,0.511,0.02444,8.627,-0.163,10.500333333333332,-0.5906666666666675,1.057333333333333,1.4140103111418096,LOW
DEMO_SYNTHETIC,PT_018,2021-08-23,20.925995,85.212121,8.627,-0.163,-0.553,7.333,0.867,111.0,2.74,183.0,231.9,1875.0,0.511,0.02444,7.734,-0.893,8.606333333333334,-1.8940000000000008,0.2209999999999996,1.4325797949439487,LOW
DEMO_SYNTHETIC,PT_018,2021-09-22,20.925995,85.212121,7.734,-0.893,-0.73,6.574,0.759,111.0,2.74,183.0,221.0,2096.1,0.511,0.02444,9.931,2.196,8.384,-0.2223333333333338,-0.878166666666667,1.320131254142107,LOW
DEMO_SYNTHETIC,PT_018,2021-10-22,20.925995,85.212121,9.931,2.196,3.089,8.441,0.76,111.0,2.74,183.0,18.0,2114.1,0.511,0.02444,11.429,1.498,8.764000000000001,0.3799999999999995,-0.1053333333333337,-0.774093863543563,MODERATE
DEMO_SYNTHETIC,PT_018,2021-11-21,20.925995,85.212121,11.429,1.498,-0.698,9.714,0.698,111.0,2.74,183.0,30.6,2144.7,0.511,0.02444,11.488,0.059,9.698,0.933666666666666,-0.480166666666667,-0.6441074769285904,LOW
DEMO_SYNTHETIC,PT_018,2021-12-21,20.925995,85.212121,11.488,0.059,-1.439,9.764,0.628,111.0,2.74,183.0,34.0,2178.7,0.511,0.02444,12.99,1.503,10.949333333333334,1.2509999999999994,0.514333333333333,-0.6090317853023279,LOW
DEMO_SYNTHETIC,PT_018,2022-01-20,20.925995,85.212121,12.99,1.503,1.444,11.042,0.776,111.0,2.74,183.0,39.4,2218.1,0.511,0.02444,17.433,4.443,11.969,1.0199999999999996,0.6999999999999997,-0.553323333895911,LOW
DEMO_SYNTHETIC,PT_018,2022-02-19,20.925995,85.212121,17.433,4.443,2.94,14.818,0.933,111.0,2.74,183.0,48.2,2266.2,0.511,0.02444,17.904,0.471,13.970333333333334,2.001666666666666,1.4676666666666662,-0.4625391908632317,MODERATE
DEMO_SYNTHETIC,PT_018,2022-03-21,20.925995,85.212121,17.904,0.471,-3.971,15.219,0.778,111.0,2.74,183.0,18.0,2284.3,0.511,0.02444,20.002,2.097,16.108999999999998,2.139,1.6949999999999996,-0.774093863543563,MODERATE
DEMO_SYNTHETIC,PT_018,2022-04-20,20.925995,85.212121,20.002,2.097,1.626,17.001,0.549,111.0,2.74,183.0,39.4,2323.7,0.511,0.02444,18.407,-1.594,18.44633333333333,2.3369999999999997,1.6784999999999997,-0.553323333895911,MODERATE
DEMO_SYNTHETIC,PT_018,2022-05-20,20.925995,85.212121,18.407,-1.594,-3.691,15.646,0.744,111.0,2.74,183.0,49.7,2373.3,0.511,0.02444,20.038,1.631,18.771,0.324666666666666,1.1631666666666665,-0.4470646210281159,MODERATE
DEMO_SYNTHETIC,PT_018,2022-06-19,20.925995,85.212121,20.038,1.631,3.225,17.032,0.75,111.0,2.74,183.0,186.2,2559.6,0.511,0.02444,14.762,-5.276,19.482333333333333,0.7113333333333327,1.425166666666666,0.9611212339674208,MODERATE
DEMO_SYNTHETIC,PT_018,2022-07-19,20.925995,85.212121,14.762,-5.276,-6.907,12.548,0.819,111.0,2.74,183.0,242.4,2802.0,0.511,0.02444,18.282,3.52,17.73566666666667,-1.746333333333334,0.2953333333333329,1.5409017837897592,HIGH
DEMO_SYNTHETIC,PT_018,2022-08-18,20.925995,85.212121,18.282,3.52,8.796,15.539,0.728,111.0,2.74,183.0,284.6,3086.6,0.511,0.02444,19.899,1.617,17.694,-0.0416666666666671,0.1414999999999996,1.976253015151017,MODERATE
DEMO_SYNTHETIC,PT_018,2022-09-17,20.925995,85.212121,19.899,1.617,-1.903,16.914,0.553,111.0,2.74,183.0,207.3,3293.9,0.511,0.02444,21.013,1.114,17.647666666666666,-0.0463333333333338,0.3324999999999996,1.1787968496480496,MODERATE
DEMO_SYNTHETIC,PT_018,2022-10-17,20.925995,85.212121,21.013,1.114,-0.503,17.861,0.738,111.0,2.74,183.0,39.4,3333.2,0.511,0.02444,22.45,1.437,19.731333333333332,2.0836666666666663,0.1686666666666663,-0.553323333895911,MODERATE
DEMO_SYNTHETIC,PT_018,2022-11-16,20.925995,85.212121,22.45,1.437,0.322,19.082,0.687,111.0,2.74,183.0,35.9,3369.2,0.511,0.02444,22.585,0.135,21.12066666666667,1.389333333333333,0.6738333333333331,-0.5894306635111812,MODERATE
DEMO_SYNTHETIC,PT_018,2022-12-16,20.925995,85.212121,22.585,0.135,-1.301,19.197,0.818,111.0,2.74,183.0,17.8,3387.0,0.511,0.02444,30.403,7.818,22.016,0.895333333333333,0.4244999999999996,-0.7761571395215785,MODERATE
DEMO_SYNTHETIC,PT_018,2023-01-15,20.925995,85.212121,30.403,7.818,7.683,25.843,0.825,111.0,2.74,183.0,39.9,3426.9,0.511,0.02444,28.855,-1.548,25.146,3.1299999999999994,2.606833333333333,-0.5481651439508725,HIGH
DEMO_SYNTHETIC,PT_018,2023-02-14,20.925995,85.212121,28.855,-1.548,-9.367,24.527,0.753,111.0,2.74,183.0,32.3,3459.1,0.511,0.02444,30.716,1.861,27.281,2.135,1.7621666666666662,-0.6265696311154592,MODERATE
DEMO_SYNTHETIC,PT_018,2023-03-16,20.925995,85.212121,30.716,1.861,3.409,26.108,0.749,111.0,2.74,183.0,28.6,3487.7,0.511,0.02444,29.509,-1.206,29.991333333333333,2.710333333333333,1.8028333333333328,-0.6647402367087448,MODERATE
DEMO_SYNTHETIC,PT_018,2023-04-15,20.925995,85.212121,29.509,-1.206,-3.067,25.083,0.781,111.0,2.74,183.0,43.2,3530.9,0.511,0.02444,31.74,2.231,29.69333333333333,-0.2976666666666669,1.4161666666666664,-0.5141210903136177,MODERATE
DEMO_SYNTHETIC,PT_018,2023-05-15,20.925995,85.212121,31.74,2.231,3.437,26.979,0.86,111.0,2.74,183.0,0.0,3530.9,0.511,0.02444,27.464,-4.276,30.655,0.9619999999999996,1.5484999999999995,-0.9597887015649524,MODERATE
DEMO_SYNTHETIC,PT_018,2023-06-14,20.925995,85.212121,27.464,-4.276,-6.507,23.344,0.644,111.0,2.74,183.0,254.4,3785.4,0.511,0.02444,30.609,3.146,29.571,-1.0836666666666668,0.8133333333333329,1.6646983424706854,MODERATE
DEMO_SYNTHETIC,PT_018,2023-07-14,20.925995,85.212121,30.609,3.146,7.422,26.018,0.697,111.0,2.74,183.0,284.3,4069.7,0.511,0.02444,25.831,-4.778,29.93766666666667,0.3669999999999998,0.0346666666666662,1.9731581011839936,MODERATE
DEMO_SYNTHETIC,PT_018,2023-08-13,20.925995,85.212121,25.831,-4.778,-7.923,21.957,0.791,111.0,2.74,183.0,185.4,4255.1,0.511,0.02444,29.474,3.642,27.968,-1.9693333333333327,-0.503666666666667,0.9528681300553592,MODERATE
DEMO_SYNTHETIC,PT_018,2023-09-12,20.925995,85.212121,29.474,3.642,8.42,25.053,0.612,111.0,2.74,183.0,187.6,4442.6,0.511,0.02444,27.865,-1.609,28.638,0.6699999999999998,-0.2068333333333336,0.9755641658135288,MODERATE
DEMO_SYNTHETIC,PT_018,2023-10-12,20.925995,85.212121,27.865,-1.609,-5.252,23.685,0.856,111.0,2.74,183.0,14.0,4456.7,0.511,0.02444,28.391,0.526,27.723333333333333,-0.915,-0.2740000000000003,-0.8153593831038718,MODERATE
DEMO_SYNTHETIC,PT_018,2023-11-11,20.925995,85.212121,28.391,0.526,2.135,24.132,0.767,111.0,2.74,183.0,9.1,4465.7,0.511,0.02444,28.391,0.526,28.576666666666664,0.8529999999999998,-0.558166666666667,-0.8659096445652501,MODERATE
DEMO_SYNTHETIC,PT_019,2020-01-01,20.93193,85.217837,-1.481,0.0,0.0,-1.258,0.809,153.7,3.55,352.9,54.1,54.1,0.638,0.01811,2.218,3.699,-1.481,0.0,0.0,-0.4549339683238336,LOW
DEMO_SYNTHETIC,PT_019,2020-01-31,20.93193,85.217837,2.218,3.699,0.0,1.885,0.707,153.7,3.55,352.9,20.1,74.2,0.638,0.01811,4.158,1.94,0.3684999999999999,1.8495,1.8495,-0.7403717586065973,MODERATE
DEMO_SYNTHETIC,PT_019,2020-03-01,20.93193,85.217837,4.158,1.94,-1.758,3.535,0.721,153.7,3.55,352.9,22.3,96.5,0.638,0.01811,6.398,2.239,1.6316666666666668,1.8796666666666664,1.8796666666666664,-0.7219022545294773,LOW
DEMO_SYNTHETIC,PT_019,2020-03-31,20.93193,85.217837,6.398,2.239,0.299,5.438,0.625,153.7,3.55,352.9,43.4,139.9,0.638,0.01811,5.648,-0.749,4.258,2.626,1.9695,-0.5447629199716445,MODERATE
DEMO_SYNTHETIC,PT_019,2020-04-30,20.93193,85.217837,5.648,-0.749,-2.989,4.801,0.732,153.7,3.55,352.9,12.5,152.4,0.638,0.01811,3.988,-1.661,5.4013333333333335,1.143333333333333,1.4258,-0.804175499963921,LOW
DEMO_SYNTHETIC,PT_019,2020-05-30,20.93193,85.217837,3.988,-1.661,-0.911,3.39,0.725,153.7,3.55,352.9,52.4,204.7,0.638,0.01811,3.935,-0.053,5.344666666666666,-0.057,0.9113333333333332,-0.4692058578379718,LOW
DEMO_SYNTHETIC,PT_019,2020-06-29,20.93193,85.217837,3.935,-0.053,1.608,3.345,0.744,153.7,3.55,352.9,152.6,357.3,0.638,0.01811,3.346,-0.589,4.523666666666666,-0.8210000000000001,0.9025,0.3719961005835846,LOW
DEMO_SYNTHETIC,PT_019,2020-07-29,20.93193,85.217837,3.346,-0.589,-0.537,2.844,0.806,153.7,3.55,352.9,198.4,555.7,0.638,0.01811,1.005,-2.34,3.7563333333333335,-0.7676666666666666,0.1878333333333333,0.7564975945527194,LOW
DEMO_SYNTHETIC,PT_019,2020-08-28,20.93193,85.217837,1.005,-2.34,-1.751,0.854,0.656,153.7,3.55,352.9,308.3,864.1,0.638,0.01811,0.308,-0.697,2.7620000000000005,-0.994,-0.5255,1.6791332754961232,MODERATE
DEMO_SYNTHETIC,PT_019,2020-09-27,20.93193,85.217837,0.308,-0.697,1.643,0.262,0.655,153.7,3.55,352.9,350.1,1214.2,0.638,0.01811,3.27,2.962,1.553,-1.2086666666666666,-1.0148333333333333,2.0300538529614034,LOW
DEMO_SYNTHETIC,PT_019,2020-10-27,20.93193,85.217837,3.27,2.962,3.659,2.78,0.67,153.7,3.55,352.9,12.4,1226.6,0.638,0.01811,4.351,1.081,1.5276666666666667,-0.0249999999999999,-0.3963333333333332,-0.8050150228765173,MODERATE
DEMO_SYNTHETIC,PT_019,2020-11-26,20.93193,85.217837,4.351,1.081,-1.881,3.698,0.624,153.7,3.55,352.9,22.8,1249.3,0.638,0.01811,6.948,2.597,2.643,1.1153333333333333,0.0606666666666667,-0.7177046399664955,LOW
DEMO_SYNTHETIC,PT_019,2020-12-26,20.93193,85.217837,6.948,2.597,1.516,5.906,0.696,153.7,3.55,352.9,29.3,1278.6,0.638,0.01811,8.084,1.136,4.856333333333333,2.2133333333333334,0.5023333333333334,-0.6631356506477318,MODERATE
DEMO_SYNTHETIC,PT_019,2021-01-25,20.93193,85.217837,8.084,1.136,-1.461,6.872,0.696,153.7,3.55,352.9,9.5,1288.0,0.638,0.01811,8.915,0.831,6.460999999999999,1.604666666666667,0.7898333333333333,-0.8293611873418119,LOW
DEMO_SYNTHETIC,PT_019,2021-02-24,20.93193,85.217837,8.915,0.831,-0.305,7.578,0.738,153.7,3.55,352.9,11.2,1299.3,0.638,0.01811,10.748,1.832,7.982333333333332,1.5213333333333334,1.3183333333333334,-0.8150892978276737,LOW
DEMO_SYNTHETIC,PT_019,2021-03-26,20.93193,85.217837,10.748,1.832,1.001,9.135,0.964,153.7,3.55,352.9,29.5,1328.7,0.638,0.01811,7.074,-3.673,9.249,1.2663333333333333,1.7398333333333331,-0.6614566048225391,LOW
DEMO_SYNTHETIC,PT_019,2021-04-25,20.93193,85.217837,7.074,-3.673,-5.506,6.013,0.704,153.7,3.55,352.9,40.5,1369.2,0.638,0.01811,10.851,3.777,8.912333333333331,-0.3366666666666666,0.6339999999999999,-0.5691090844369391,MODERATE
DEMO_SYNTHETIC,PT_019,2021-05-25,20.93193,85.217837,10.851,3.777,7.45,9.224,0.612,153.7,3.55,352.9,21.9,1391.1,0.638,0.01811,11.009,0.158,9.557666666666666,0.6453333333333334,1.0833333333333333,-0.7252603461798627,MODERATE
DEMO_SYNTHETIC,PT_019,2021-06-24,20.93193,85.217837,11.009,0.158,-3.619,9.358,0.549,153.7,3.55,352.9,285.3,1676.4,0.638,0.01811,11.168,0.159,9.644666666666666,0.0873333333333333,0.6768333333333333,1.4860430055989595,LOW
DEMO_SYNTHETIC,PT_019,2021-07-24,20.93193,85.217837,11.168,0.159,0.001,9.492,0.903,153.7,3.55,352.9,269.0,1945.5,0.638,0.01811,13.398,2.23,11.009333333333332,1.3646666666666667,0.514,1.349200770845752,LOW
DEMO_SYNTHETIC,PT_019,2021-08-23,20.93193,85.217837,13.398,2.23,2.072,11.388,0.837,153.7,3.55,352.9,311.9,2257.4,0.638,0.01811,9.51,-3.888,11.858333333333334,0.8489999999999999,0.7471666666666668,1.7093561003495918,MODERATE
DEMO_SYNTHETIC,PT_019,2021-09-22,20.93193,85.217837,9.51,-3.888,-6.118,8.083,0.681,153.7,3.55,352.9,228.4,2485.8,0.638,0.01811,10.374,0.864,11.358666666666666,-0.4996666666666667,-0.2061666666666666,1.0083544683316283,MODERATE
DEMO_SYNTHETIC,PT_019,2021-10-22,20.93193,85.217837,10.374,0.864,4.752,8.817,0.796,153.7,3.55,352.9,15.7,2501.5,0.638,0.01811,15.499,5.125,11.094,-0.2646666666666667,0.55,-0.7773107667608373,LOW
DEMO_SYNTHETIC,PT_019,2021-11-21,20.93193,85.217837,15.499,5.125,4.262,13.174,0.86,153.7,3.55,352.9,35.1,2536.6,0.638,0.01811,15.833,0.334,11.794333333333332,0.7003333333333334,0.7746666666666666,-0.6144433217171428,HIGH
DEMO_SYNTHETIC,PT_019,2021-12-21,20.93193,85.217837,15.833,0.334,-4.792,13.458,0.799,153.7,3.55,352.9,10.5,2547.2,0.638,0.01811,21.887,6.054,13.902,2.1076666666666664,0.8039999999999998,-0.8209659582158483,MODERATE
DEMO_SYNTHETIC,PT_019,2022-01-20,20.93193,85.217837,21.887,6.054,5.721,18.604,0.655,153.7,3.55,352.9,25.0,2572.2,0.638,0.01811,22.387,0.5,17.739666666666665,3.837666666666667,1.7865,-0.6992351358893755,HIGH
DEMO_SYNTHETIC,PT_019,2022-02-19,20.93193,85.217837,22.387,0.5,-5.554,19.029,0.605,153.7,3.55,352.9,39.5,2611.7,0.638,0.01811,21.95,-0.437,20.035666666666668,2.296,1.4981666666666664,-0.5775043135629028,MODERATE
DEMO_SYNTHETIC,PT_019,2022-03-21,20.93193,85.217837,21.95,-0.437,-0.937,18.657,0.711,153.7,3.55,352.9,0.0,2611.7,0.638,0.01811,27.658,5.708,22.074666666666666,2.039,2.0733333333333333,-0.9091158640384664,MODERATE
DEMO_SYNTHETIC,PT_019,2022-04-20,20.93193,85.217837,27.658,5.708,6.145,23.509,0.803,153.7,3.55,352.9,30.0,2641.7,0.638,0.01811,21.392,-6.265,23.99833333333333,1.9236666666666664,2.8806666666666665,-0.6572589902595573,HIGH
DEMO_SYNTHETIC,PT_019,2022-05-20,20.93193,85.217837,21.392,-6.265,-11.973,18.183,0.852,153.7,3.55,352.9,36.5,2678.2,0.638,0.01811,24.597,3.205,23.666666666666668,-0.3313333333333332,0.9823333333333334,-0.6026900009407936,HIGH
DEMO_SYNTHETIC,PT_019,2022-06-19,20.93193,85.217837,24.597,3.205,9.47,20.907,0.46,153.7,3.55,352.9,286.5,2964.7,0.638,0.01811,22.155,-2.442,24.549,0.8826666666666668,1.4608333333333334,1.4961172805501155,MODERATE
DEMO_SYNTHETIC,PT_019,2022-07-19,20.93193,85.217837,22.155,-2.442,-5.647,18.832,0.819,153.7,3.55,352.9,295.1,3259.8,0.638,0.01811,23.168,1.013,22.714666666666663,-1.834,0.0448333333333332,1.5683162510334032,MODERATE
DEMO_SYNTHETIC,PT_019,2022-08-18,20.93193,85.217837,23.168,1.013,3.455,19.693,0.609,153.7,3.55,352.9,298.6,3558.4,0.638,0.01811,23.969,0.801,23.30666666666667,0.592,0.1303333333333332,1.597699552974276,MODERATE
DEMO_SYNTHETIC,PT_019,2022-09-17,20.93193,85.217837,23.969,0.801,-0.212,20.373,0.696,153.7,3.55,352.9,348.1,3906.5,0.638,0.01811,27.042,3.073,23.09733333333333,-0.2093333333333334,0.3366666666666665,2.013263394709476,MODERATE
DEMO_SYNTHETIC,PT_019,2022-10-17,20.93193,85.217837,27.042,3.073,2.272,22.986,0.725,153.7,3.55,352.9,24.5,3931.0,0.638,0.01811,25.332,-1.71,24.726333333333333,1.6290000000000002,-0.1025000000000001,-0.7034327504523573,MODERATE
DEMO_SYNTHETIC,PT_019,2022-11-16,20.93193,85.217837,25.332,-1.71,-4.783,21.532,0.756,153.7,3.55,352.9,34.3,3965.3,0.638,0.01811,28.968,3.636,25.447666666666667,0.7213333333333334,0.6566666666666664,-0.6211595050179137,MODERATE
DEMO_SYNTHETIC,PT_019,2022-12-16,20.93193,85.217837,28.968,3.636,5.346,24.623,0.773,153.7,3.55,352.9,31.7,3996.9,0.638,0.01811,35.629,6.661,27.114,1.6663333333333334,0.7284999999999998,-0.6429871007454191,MODERATE
DEMO_SYNTHETIC,PT_019,2023-01-15,20.93193,85.217837,35.629,6.661,3.025,30.284,0.84,153.7,3.55,352.9,51.3,4048.2,0.638,0.01811,34.153,-1.476,29.976333333333333,2.8623333333333334,2.2456666666666663,-0.4784406098765318,HIGH
DEMO_SYNTHETIC,PT_019,2023-02-14,20.93193,85.217837,34.153,-1.476,-8.137,29.03,0.936,153.7,3.55,352.9,20.5,4068.8,0.638,0.01811,36.532,2.379,32.916666666666664,2.9403333333333337,1.830833333333333,-0.7370136669562118,MODERATE
DEMO_SYNTHETIC,PT_019,2023-03-16,20.93193,85.217837,36.532,2.379,3.854,31.052,0.727,153.7,3.55,352.9,39.7,4108.4,0.638,0.01811,35.062,-1.47,35.437999999999995,2.521333333333333,2.093833333333333,-0.57582526773771,MODERATE
DEMO_SYNTHETIC,PT_019,2023-04-15,20.93193,85.217837,35.062,-1.47,-3.849,29.802,0.84,153.7,3.55,352.9,34.0,4142.4,0.638,0.01811,35.411,0.349,35.248999999999995,-0.1889999999999999,1.3366666666666662,-0.6236780737557027,MODERATE
DEMO_SYNTHETIC,PT_019,2023-05-15,20.93193,85.217837,35.411,0.349,1.819,30.099,0.746,153.7,3.55,352.9,27.1,4169.5,0.638,0.01811,34.426,-0.985,35.66833333333333,0.4193333333333333,1.679833333333333,-0.681605154724852,MODERATE
DEMO_SYNTHETIC,PT_019,2023-06-14,20.93193,85.217837,34.426,-0.985,-1.334,29.262,0.809,153.7,3.55,352.9,199.2,4368.7,0.638,0.01811,34.712,0.286,34.96633333333333,-0.702,0.9096666666666664,0.7632137778534901,MODERATE
DEMO_SYNTHETIC,PT_019,2023-07-14,20.93193,85.217837,34.712,0.286,1.271,29.505,0.672,153.7,3.55,352.9,233.5,4602.2,0.638,0.01811,32.741,-1.971,34.849666666666664,-0.1166666666666666,-0.1528333333333336,1.051170136874043,MODERATE
DEMO_SYNTHETIC,PT_019,2023-08-13,20.93193,85.217837,32.741,-1.971,-2.256,27.83,0.573,153.7,3.55,352.9,258.6,4860.8,0.638,0.01811,34.17,1.43,33.95966666666667,-0.89,-0.2353333333333336,1.2618903879357304,MODERATE
DEMO_SYNTHETIC,PT_019,2023-09-12,20.93193,85.217837,34.17,1.43,3.4,29.045,0.756,153.7,3.55,352.9,273.4,5134.2,0.638,0.01811,34.777,0.606,33.87433333333333,-0.085,-0.3935000000000004,1.386139778999992,MODERATE
DEMO_SYNTHETIC,PT_019,2023-10-12,20.93193,85.217837,34.777,0.606,-0.823,29.56,0.71,153.7,3.55,352.9,43.1,5177.3,0.638,0.01811,36.158,1.381,33.896,0.0216666666666666,-0.0475000000000003,-0.5472814887094337,MODERATE
DEMO_SYNTHETIC,PT_019,2023-11-11,20.93193,85.217837,36.158,1.381,0.775,30.734,0.811,153.7,3.55,352.9,20.5,5197.8,0.638,0.01811,36.158,1.381,35.035000000000004,1.139,0.1244999999999997,-0.7370136669562118,MODERATE
DEMO_SYNTHETIC,PT_020,2020-01-01,20.919059,85.226753,5.227,0.0,0.0,4.443,0.68,108.7,9.71,81.2,47.6,47.6,0.349,0.03253,5.875,0.648,5.227,0.0,0.0,-0.4833342747146632,LOW
DEMO_SYNTHETIC,PT_020,2020-01-31,20.919059,85.226753,5.875,0.648,0.0,4.994,0.68,108.7,9.71,81.2,40.4,88.1,0.349,0.03253,3.598,-2.277,5.551,0.324,0.324,-0.5512120126728849,LOW
DEMO_SYNTHETIC,PT_020,2020-03-01,20.919059,85.226753,3.598,-2.277,-2.925,3.058,0.751,108.7,9.71,81.2,28.2,116.2,0.349,0.03253,4.881,1.283,4.9,-0.543,-0.543,-0.6662270686576494,MODERATE
DEMO_SYNTHETIC,PT_020,2020-03-31,20.919059,85.226753,4.881,1.283,3.561,4.149,0.785,108.7,9.71,81.2,29.5,145.7,0.349,0.03253,3.973,-0.908,4.784666666666666,-0.1153333333333333,-0.0865,-0.6539713659707482,LOW
DEMO_SYNTHETIC,PT_020,2020-04-30,20.919059,85.226753,3.973,-0.908,-2.191,3.377,0.793,108.7,9.71,81.2,54.8,200.5,0.349,0.03253,9.125,5.152,4.150666666666667,-0.634,-0.2508,-0.4154565367564416,LOW
DEMO_SYNTHETIC,PT_020,2020-05-30,20.919059,85.226753,9.125,5.152,6.06,7.756,0.626,108.7,9.71,81.2,37.9,238.5,0.349,0.03253,4.533,-4.592,5.992999999999999,1.8423333333333332,0.6496666666666667,-0.5747806716861563,HIGH
DEMO_SYNTHETIC,PT_020,2020-06-29,20.919059,85.226753,4.533,-4.592,-9.744,3.853,0.672,108.7,9.71,81.2,210.4,448.8,0.349,0.03253,0.974,-3.559,5.877,-0.1159999999999999,-0.1156666666666665,1.0514568002295708,MODERATE
DEMO_SYNTHETIC,PT_020,2020-07-29,20.919059,85.226753,0.974,-3.559,1.034,0.828,0.729,108.7,9.71,81.2,274.1,723.0,0.349,0.03253,1.095,0.121,4.8773333333333335,-0.9996666666666666,-0.8168333333333333,1.6519862318877263,MODERATE
DEMO_SYNTHETIC,PT_020,2020-08-28,20.919059,85.226753,1.095,0.121,3.679,0.93,0.745,108.7,9.71,81.2,215.3,938.3,0.349,0.03253,5.181,4.086,2.2006666666666668,-2.6766666666666663,-0.4171666666666666,1.0976513718955827,LOW
DEMO_SYNTHETIC,PT_020,2020-09-27,20.919059,85.226753,5.181,4.086,3.966,4.404,0.746,108.7,9.71,81.2,323.6,1261.9,0.349,0.03253,3.079,-2.102,2.4166666666666665,0.2160000000000002,0.0500000000000001,2.1186456803505003,MODERATE
DEMO_SYNTHETIC,PT_020,2020-10-27,20.919059,85.226753,3.079,-2.102,-6.188,2.617,0.563,108.7,9.71,81.2,22.5,1284.5,0.349,0.03253,5.052,1.974,3.1183333333333336,0.701666666666667,-0.1489999999999998,-0.7199636112079082,MODERATE
DEMO_SYNTHETIC,PT_020,2020-11-26,20.919059,85.226753,5.052,1.974,4.076,4.294,0.589,108.7,9.71,81.2,28.9,1313.4,0.349,0.03253,0.519,-4.534,4.437333333333334,1.3193333333333337,-0.6786666666666665,-0.6596278441339335,LOW
DEMO_SYNTHETIC,PT_020,2020-12-26,20.919059,85.226753,0.519,-4.534,-6.507,0.441,0.732,108.7,9.71,81.2,32.0,1345.4,0.349,0.03253,2.924,2.405,2.8833333333333333,-1.5539999999999996,-0.6689999999999999,-0.6304027069574768,MODERATE
DEMO_SYNTHETIC,PT_020,2021-01-25,20.919059,85.226753,2.924,2.405,6.939,2.485,0.872,108.7,9.71,81.2,4.1,1349.5,0.349,0.03253,8.16,5.236,2.8316666666666666,-0.0516666666666664,0.3250000000000001,-0.8934289415455857,MODERATE
DEMO_SYNTHETIC,PT_020,2021-02-24,20.919059,85.226753,8.16,5.236,2.831,6.936,0.572,108.7,9.71,81.2,6.5,1356.0,0.349,0.03253,12.558,4.398,3.8676666666666666,1.0356666666666667,1.1775,-0.8708030288928451,HIGH
DEMO_SYNTHETIC,PT_020,2021-03-26,20.919059,85.226753,12.558,4.398,-0.837,10.674,0.559,108.7,9.71,81.2,33.5,1389.6,0.349,0.03253,13.415,0.857,7.880666666666666,4.013,1.2295,-0.616261511549514,MODERATE
DEMO_SYNTHETIC,PT_020,2021-04-25,20.919059,85.226753,13.415,0.857,-3.542,11.403,0.658,108.7,9.71,81.2,44.7,1434.2,0.349,0.03253,6.668,-6.748,11.377666666666665,3.497,1.7226666666666663,-0.5106739191700581,LOW
DEMO_SYNTHETIC,PT_020,2021-05-25,20.919059,85.226753,6.668,-6.748,-7.604,5.667,0.65,108.7,9.71,81.2,31.1,1465.3,0.349,0.03253,6.106,-0.561,10.880333333333333,-0.4976666666666667,0.2689999999999998,-0.6388874242022544,HIGH
DEMO_SYNTHETIC,PT_020,2021-06-24,20.919059,85.226753,6.106,-0.561,6.186,5.19,0.894,108.7,9.71,81.2,158.2,1623.5,0.349,0.03253,7.871,1.765,8.729666666666667,-2.1506666666666665,0.9311666666666666,0.5593432000324636,LOW
DEMO_SYNTHETIC,PT_020,2021-07-24,20.919059,85.226753,7.871,1.765,2.326,6.691,0.696,108.7,9.71,81.2,246.7,1870.2,0.349,0.03253,8.507,0.636,6.881666666666667,-1.848,0.8244999999999999,1.3936737291022714,LOW
DEMO_SYNTHETIC,PT_020,2021-08-23,20.919059,85.226753,8.507,0.636,-1.129,7.231,0.667,108.7,9.71,81.2,262.5,2132.7,0.349,0.03253,11.295,2.788,7.494666666666667,0.6133333333333333,0.0578333333333333,1.5426276540661468,LOW
DEMO_SYNTHETIC,PT_020,2021-09-22,20.919059,85.226753,11.295,2.788,2.152,9.601,0.784,108.7,9.71,81.2,363.8,2496.5,0.349,0.03253,11.487,0.192,9.224333333333334,1.729666666666667,-0.2105,2.497629717283904,MODERATE
DEMO_SYNTHETIC,PT_020,2021-10-22,20.919059,85.226753,11.487,0.192,-2.595,9.764,0.585,108.7,9.71,81.2,40.6,2537.0,0.349,0.03253,10.134,-1.353,10.429666666666668,1.2053333333333334,-0.3213333333333333,-0.5493265199518231,LOW
DEMO_SYNTHETIC,PT_020,2021-11-21,20.919059,85.226753,10.134,-1.353,-1.546,8.614,0.889,108.7,9.71,81.2,0.0,2537.0,0.349,0.03253,16.464,6.33,10.972,0.5423333333333332,0.5778333333333334,-0.9320815423273509,LOW
DEMO_SYNTHETIC,PT_020,2021-12-21,20.919059,85.226753,16.464,6.33,7.683,13.994,0.701,108.7,9.71,81.2,13.3,2550.3,0.349,0.03253,19.374,2.91,12.695,1.723,1.7263333333333335,-0.806696276376747,HIGH
DEMO_SYNTHETIC,PT_020,2022-01-20,20.919059,85.226753,19.374,2.91,-3.42,16.468,0.748,108.7,9.71,81.2,29.4,2579.7,0.349,0.03253,22.146,2.772,15.323999999999998,2.629,1.917166666666667,-0.6549141123312792,MODERATE
DEMO_SYNTHETIC,PT_020,2022-02-19,20.919059,85.226753,22.146,2.772,-0.138,18.824,0.662,108.7,9.71,81.2,45.9,2625.6,0.349,0.03253,22.223,0.077,19.328,4.004,2.273166666666667,-0.4993609628436878,MODERATE
DEMO_SYNTHETIC,PT_020,2022-03-21,20.919059,85.226753,22.223,0.077,-2.695,18.89,0.798,108.7,9.71,81.2,13.8,2639.4,0.349,0.03253,22.888,0.665,21.247666666666664,1.9196666666666669,1.8213333333333332,-0.8019825445740927,MODERATE
DEMO_SYNTHETIC,PT_020,2022-04-20,20.919059,85.226753,22.888,0.665,0.588,19.455,0.777,108.7,9.71,81.2,34.1,2673.5,0.349,0.03253,19.377,-3.511,22.419,1.1713333333333331,1.9001666666666663,-0.6106050333863288,MODERATE
DEMO_SYNTHETIC,PT_020,2022-05-20,20.919059,85.226753,19.377,-3.511,-4.176,16.471,0.769,108.7,9.71,81.2,34.7,2708.2,0.349,0.03253,18.937,-0.44,21.496,-0.923,1.5405000000000004,-0.6049485552231437,MODERATE
DEMO_SYNTHETIC,PT_020,2022-06-19,20.919059,85.226753,18.937,-0.44,3.071,16.097,0.544,108.7,9.71,81.2,221.9,2930.1,0.349,0.03253,22.265,3.327,20.40066666666667,-1.0953333333333333,0.4121666666666668,1.1598726316906192,MODERATE
DEMO_SYNTHETIC,PT_020,2022-07-19,20.919059,85.226753,22.265,3.327,3.767,18.925,0.694,108.7,9.71,81.2,158.8,3088.9,0.349,0.03253,20.553,-1.712,20.193,-0.208,0.4816666666666667,0.564999678195649,MODERATE
DEMO_SYNTHETIC,PT_020,2022-08-18,20.919059,85.226753,20.553,-1.712,-5.039,17.47,0.718,108.7,9.71,81.2,161.6,3250.5,0.349,0.03253,23.334,2.781,20.585,0.3916666666666666,-0.2656666666666665,0.5913965762905128,MODERATE
DEMO_SYNTHETIC,PT_020,2022-09-17,20.919059,85.226753,23.334,2.781,4.493,19.834,0.568,108.7,9.71,81.2,192.2,3442.7,0.349,0.03253,21.956,-1.378,22.050666666666668,1.4653333333333334,0.1850000000000001,0.8798769626129547,MODERATE
DEMO_SYNTHETIC,PT_020,2022-10-17,20.919059,85.226753,21.956,-1.378,-4.159,18.663,0.833,108.7,9.71,81.2,35.1,3477.8,0.349,0.03253,24.314,2.358,21.947666666666667,-0.1029999999999998,-0.1554999999999998,-0.6011775697810203,MODERATE
DEMO_SYNTHETIC,PT_020,2022-11-16,20.919059,85.226753,24.314,2.358,3.736,20.667,0.931,108.7,9.71,81.2,30.4,3508.2,0.349,0.03253,29.673,5.359,23.20133333333333,1.253666666666667,0.822666666666667,-0.6454866487259706,MODERATE
DEMO_SYNTHETIC,PT_020,2022-12-16,20.919059,85.226753,29.673,5.359,3.001,25.222,0.763,108.7,9.71,81.2,14.9,3523.2,0.349,0.03253,26.016,-3.657,25.31433333333333,2.113,1.7891666666666672,-0.7916123346082532,HIGH
DEMO_SYNTHETIC,PT_020,2023-01-15,20.919059,85.226753,26.016,-3.657,-9.016,22.113,0.867,108.7,9.71,81.2,22.2,3545.4,0.349,0.03253,23.826,-2.19,26.667666666666666,1.3533333333333335,0.625166666666667,-0.7227918502895007,MODERATE
DEMO_SYNTHETIC,PT_020,2023-02-14,20.919059,85.226753,23.826,-2.19,1.467,20.252,0.555,108.7,9.71,81.2,51.4,3596.8,0.349,0.03253,30.84,7.014,26.505,-0.1626666666666666,0.5455000000000003,-0.4475099130144907,MODERATE
DEMO_SYNTHETIC,PT_020,2023-03-16,20.919059,85.226753,30.84,7.014,9.204,26.214,0.767,108.7,9.71,81.2,20.9,3617.7,0.349,0.03253,32.503,1.663,26.894,0.3890000000000002,1.2510000000000003,-0.7350475529764019,HIGH
DEMO_SYNTHETIC,PT_020,2023-04-15,20.919059,85.226753,32.503,1.663,-5.351,27.628,0.699,108.7,9.71,81.2,25.2,3642.9,0.349,0.03253,29.924,-2.579,29.05633333333334,2.1623333333333337,1.7578333333333334,-0.694509459473575,MODERATE
DEMO_SYNTHETIC,PT_020,2023-05-15,20.919059,85.226753,29.924,-2.579,-4.243,25.436,0.73,108.7,9.71,81.2,12.5,3655.5,0.349,0.03253,30.834,0.91,31.089,2.032666666666667,0.935,-0.8142382472609938,MODERATE
DEMO_SYNTHETIC,PT_020,2023-06-14,20.919059,85.226753,30.834,0.91,3.489,26.209,0.617,108.7,9.71,81.2,280.3,3935.8,0.349,0.03253,27.635,-3.198,31.087,-0.0020000000000001,0.1935000000000001,1.7104365062406397,MODERATE
DEMO_SYNTHETIC,PT_020,2023-07-14,20.919059,85.226753,27.635,-3.198,-4.108,23.49,0.822,108.7,9.71,81.2,275.8,4211.6,0.349,0.03253,32.269,4.633,29.46433333333333,-1.6223333333333336,0.2700000000000001,1.6680129200167508,MODERATE
DEMO_SYNTHETIC,PT_020,2023-08-13,20.919059,85.226753,32.269,4.633,7.832,27.428,0.7,108.7,9.71,81.2,226.8,4438.4,0.349,0.03253,30.703,-1.565,30.246,0.7816666666666668,1.407166666666667,1.206067203356631,MODERATE
DEMO_SYNTHETIC,PT_020,2023-09-12,20.919059,85.226753,30.703,-1.565,-6.198,26.098,0.738,108.7,9.71,81.2,254.2,4692.7,0.349,0.03253,30.768,0.064,30.20233333333333,-0.0433333333333331,-0.0226666666666666,1.4643797061420858,MODERATE
DEMO_SYNTHETIC,PT_020,2023-10-12,20.919059,85.226753,30.768,0.064,1.63,26.153,0.718,108.7,9.71,81.2,35.9,4728.5,0.349,0.03253,27.947,-2.82,31.246666666666663,1.0440000000000005,-0.2891666666666666,-0.5936355988967734,MODERATE
DEMO_SYNTHETIC,PT_020,2023-11-11,20.919059,85.226753,27.947,-2.82,-2.885,23.755,0.751,108.7,9.71,81.2,17.5,4746.0,0.349,0.03253,27.947,-2.82,29.806,-1.4403333333333332,-0.3293333333333332,-0.767100929234451,MODERATE
DEMO_SYNTHETIC,PT_021,2020-01-01,20.940478,85.222743,5.355,0.0,0.0,4.552,0.743,113.1,1.52,239.3,45.1,45.1,0.774,0.01128,6.298,0.943,5.355,0.0,0.0,-0.534273186856116,LOW
DEMO_SYNTHETIC,PT_021,2020-01-31,20.940478,85.222743,6.298,0.943,0.0,5.354,0.65,113.1,1.52,239.3,20.4,65.5,0.774,0.01128,10.24,3.942,5.8265,0.4715,0.4715,-0.7775275226228636,LOW
DEMO_SYNTHETIC,PT_021,2020-03-01,20.940478,85.222743,10.24,3.942,2.999,8.704,0.665,113.1,1.52,239.3,26.5,92.0,0.774,0.01128,6.803,-3.438,7.297666666666667,1.6283333333333332,1.6283333333333332,-0.7174525652067844,MODERATE
DEMO_SYNTHETIC,PT_021,2020-03-31,20.940478,85.222743,6.803,-3.438,-7.38,5.782,0.769,113.1,1.52,239.3,27.2,119.2,0.774,0.01128,9.396,2.593,7.780333333333334,0.4823333333333333,0.36175,-0.7105587176344473,MODERATE
DEMO_SYNTHETIC,PT_021,2020-04-30,20.940478,85.222743,9.396,2.593,6.031,7.987,0.743,113.1,1.52,239.3,17.3,136.5,0.774,0.01128,12.161,2.765,8.813,1.032333333333333,0.808,-0.8080574190146418,MODERATE
DEMO_SYNTHETIC,PT_021,2020-05-30,20.940478,85.222743,12.161,2.765,0.172,10.337,0.608,113.1,1.52,239.3,55.9,192.4,0.774,0.01128,5.701,-6.46,9.453333333333331,0.64,1.1341666666666663,-0.4279109671686312,MODERATE
DEMO_SYNTHETIC,PT_021,2020-06-29,20.940478,85.222743,5.701,-6.46,-9.225,4.846,0.674,113.1,1.52,239.3,164.8,357.2,0.774,0.01128,7.874,2.173,9.086,-0.3673333333333331,0.0575000000000001,0.6445747480135073,HIGH
DEMO_SYNTHETIC,PT_021,2020-07-29,20.940478,85.222743,7.874,2.173,8.633,6.693,0.739,113.1,1.52,239.3,344.7,701.9,0.774,0.01128,11.411,3.536,8.578666666666665,-0.5073333333333333,0.2625000000000001,2.4162935741041105,MODERATE
DEMO_SYNTHETIC,PT_021,2020-08-28,20.940478,85.222743,11.411,3.536,1.363,9.699,0.849,113.1,1.52,239.3,204.2,906.1,0.774,0.01128,4.694,-6.717,8.328666666666665,-0.2503333333333333,0.1948333333333334,1.0325998827993312,MODERATE
DEMO_SYNTHETIC,PT_021,2020-09-27,20.940478,85.222743,4.694,-6.717,-10.253,3.99,0.453,113.1,1.52,239.3,311.2,1217.3,0.774,0.01128,11.081,6.387,7.992999999999999,-0.336,-0.3516666666666664,2.086373725999412,HIGH
DEMO_SYNTHETIC,PT_021,2020-10-27,20.940478,85.222743,11.081,6.387,13.104,9.419,0.736,113.1,1.52,239.3,35.6,1252.9,0.774,0.01128,8.199,-2.882,9.062,1.0686666666666669,0.2806666666666667,-0.6278325467664035,HIGH
DEMO_SYNTHETIC,PT_021,2020-11-26,20.940478,85.222743,8.199,-2.882,-9.269,6.969,0.838,113.1,1.52,239.3,35.9,1288.8,0.774,0.01128,14.459,6.26,7.991333333333333,-1.0706666666666669,-0.6605,-0.6248780406639735,MODERATE
DEMO_SYNTHETIC,PT_021,2020-12-26,20.940478,85.222743,14.459,6.26,9.142,12.29,0.901,113.1,1.52,239.3,43.7,1332.5,0.774,0.01128,18.217,3.758,11.246333333333334,3.2550000000000003,1.4595,-0.54806088200079,HIGH
DEMO_SYNTHETIC,PT_021,2021-01-25,20.940478,85.222743,18.217,3.758,-2.502,15.484,0.81,113.1,1.52,239.3,0.0,1332.5,0.774,0.01128,19.411,1.194,13.625,2.3786666666666667,1.7236666666666665,-0.9784339375881128,MODERATE
DEMO_SYNTHETIC,PT_021,2021-02-24,20.940478,85.222743,19.411,1.194,-2.564,16.499,0.936,113.1,1.52,239.3,36.3,1368.9,0.774,0.01128,23.616,4.205,17.362333333333336,3.737333333333333,1.3333333333333333,-0.6209386991940666,MODERATE
DEMO_SYNTHETIC,PT_021,2021-03-26,20.940478,85.222743,23.616,4.205,3.011,20.074,0.742,113.1,1.52,239.3,18.1,1386.9,0.774,0.01128,21.618,-1.998,20.414666666666665,3.0523333333333333,3.153666666666666,-0.8001787360748281,MODERATE
DEMO_SYNTHETIC,PT_021,2021-04-25,20.940478,85.222743,21.618,-1.998,-6.203,18.375,0.892,113.1,1.52,239.3,26.0,1413.0,0.774,0.01128,25.222,3.604,21.54833333333333,1.1336666666666668,1.7561666666666664,-0.7223767420441679,MODERATE
DEMO_SYNTHETIC,PT_021,2021-05-25,20.940478,85.222743,25.222,3.604,5.603,21.439,0.625,113.1,1.52,239.3,46.7,1459.7,0.774,0.01128,25.349,0.127,23.485333333333333,1.9370000000000005,2.8371666666666666,-0.5185158209764886,MODERATE
DEMO_SYNTHETIC,PT_021,2021-06-24,20.940478,85.222743,25.349,0.127,-3.478,21.547,0.913,113.1,1.52,239.3,233.4,1693.1,0.774,0.01128,23.083,-2.266,24.063,0.5776666666666669,1.815,1.3201718101025313,MODERATE
DEMO_SYNTHETIC,PT_021,2021-07-24,20.940478,85.222743,23.083,-2.266,-2.393,19.621,0.751,113.1,1.52,239.3,192.8,1886.0,0.774,0.01128,24.939,1.856,24.55133333333333,0.4883333333333335,0.8109999999999999,0.9203286509069863,MODERATE
DEMO_SYNTHETIC,PT_021,2021-08-23,20.940478,85.222743,24.939,1.856,4.122,21.198,0.669,113.1,1.52,239.3,297.7,2183.7,0.774,0.01128,28.55,3.611,24.457,-0.094333333333333,0.9213333333333332,1.953420951390056,MODERATE
DEMO_SYNTHETIC,PT_021,2021-09-22,20.940478,85.222743,28.55,3.611,1.756,24.268,0.544,113.1,1.52,239.3,288.5,2472.2,0.774,0.01128,31.415,2.865,25.524,1.0670000000000004,0.8223333333333334,1.862816097582199,MODERATE
DEMO_SYNTHETIC,PT_021,2021-10-22,20.940478,85.222743,31.415,2.865,-0.746,26.703,0.786,113.1,1.52,239.3,11.4,2483.6,0.774,0.01128,33.282,1.867,28.30133333333333,2.777333333333333,1.6328333333333334,-0.8661627056957676,MODERATE
DEMO_SYNTHETIC,PT_021,2021-11-21,20.940478,85.222743,33.282,1.867,-0.998,28.29,0.64,113.1,1.52,239.3,8.2,2491.8,0.774,0.01128,38.169,4.886,31.082333333333327,2.781,1.3433333333333335,-0.8976774374550224,MODERATE
DEMO_SYNTHETIC,PT_021,2021-12-21,20.940478,85.222743,38.169,4.886,3.019,32.443,0.702,113.1,1.52,239.3,14.5,2506.3,0.774,0.01128,46.236,8.068,34.288666666666664,3.206000000000001,2.1365000000000003,-0.8356328093039896,MODERATE
DEMO_SYNTHETIC,PT_021,2022-01-20,20.940478,85.222743,46.236,8.068,3.181,39.301,0.634,113.1,1.52,239.3,41.9,2548.2,0.774,0.01128,42.987,-3.25,39.22899999999999,4.940333333333333,3.858833333333333,-0.5657879186153708,HIGH
DEMO_SYNTHETIC,PT_021,2022-02-19,20.940478,85.222743,42.987,-3.25,-11.317,36.539,0.684,113.1,1.52,239.3,42.0,2590.2,0.774,0.01128,49.877,6.89,42.464,3.234666666666667,3.0078333333333327,-0.5648030832478941,HIGH
DEMO_SYNTHETIC,PT_021,2022-03-21,20.940478,85.222743,49.877,6.89,10.14,42.395,0.768,113.1,1.52,239.3,28.1,2618.3,0.774,0.01128,51.857,1.981,46.36666666666667,3.9026666666666654,3.5543333333333336,-0.701695199327157,HIGH
DEMO_SYNTHETIC,PT_021,2022-04-20,20.940478,85.222743,51.857,1.981,-4.909,44.079,0.581,113.1,1.52,239.3,15.1,2633.4,0.774,0.01128,55.079,3.222,48.24033333333333,1.8736666666666664,3.407,-0.8297237970991295,HIGH
DEMO_SYNTHETIC,PT_021,2022-05-20,20.940478,85.222743,55.079,3.222,1.241,46.818,0.613,113.1,1.52,239.3,31.8,2665.2,0.774,0.01128,52.633,-2.446,52.271,4.031,3.6328333333333336,-0.6652562907305186,HIGH
DEMO_SYNTHETIC,PT_021,2022-06-19,20.940478,85.222743,52.633,-2.446,-5.669,44.738,0.499,113.1,1.52,239.3,209.3,2874.5,0.774,0.01128,55.123,2.49,53.18966666666666,0.919,2.4108333333333336,1.0828264865406438,HIGH
DEMO_SYNTHETIC,PT_021,2022-07-19,20.940478,85.222743,55.123,2.49,4.937,46.855,0.841,113.1,1.52,239.3,267.0,3141.5,0.774,0.01128,56.793,1.67,54.27833333333333,1.088666666666667,1.4811666666666667,1.651076493574706,HIGH
DEMO_SYNTHETIC,PT_021,2022-08-18,20.940478,85.222743,56.793,1.67,-0.82,48.274,0.741,113.1,1.52,239.3,240.5,3382.0,0.774,0.01128,59.58,2.787,54.84966666666666,0.5713333333333334,2.3011666666666666,1.3900951211933776,HIGH
DEMO_SYNTHETIC,PT_021,2022-09-17,20.940478,85.222743,59.58,2.787,1.117,50.643,0.758,113.1,1.52,239.3,221.8,3603.8,0.774,0.01128,63.75,4.17,57.16533333333333,2.3156666666666665,1.6173333333333335,1.205930907475233,HIGH
DEMO_SYNTHETIC,PT_021,2022-10-17,20.940478,85.222743,63.75,4.17,1.384,54.188,0.635,113.1,1.52,239.3,53.5,3657.3,0.774,0.01128,63.072,-0.678,60.041,2.875666666666666,1.9821666666666669,-0.4515470159880723,HIGH
DEMO_SYNTHETIC,PT_021,2022-11-16,20.940478,85.222743,63.072,-0.678,-4.848,53.611,0.664,113.1,1.52,239.3,57.0,3714.4,0.774,0.01128,70.87,7.798,62.13399999999999,2.093,1.3321666666666665,-0.4170777781263874,HIGH
DEMO_SYNTHETIC,PT_021,2022-12-16,20.940478,85.222743,70.87,7.798,8.476,60.239,0.8,113.1,1.52,239.3,28.4,3742.8,0.774,0.01128,70.879,0.01,65.89733333333334,3.763333333333333,3.0395000000000003,-0.6987406932247268,HIGH
DEMO_SYNTHETIC,PT_021,2023-01-15,20.940478,85.222743,70.879,0.01,-7.788,60.248,0.757,113.1,1.52,239.3,83.5,3826.3,0.774,0.01128,74.139,3.26,68.27366666666667,2.3766666666666665,2.6261666666666668,-0.1560964057450589,HIGH
DEMO_SYNTHETIC,PT_021,2023-02-14,20.940478,85.222743,74.139,3.26,3.25,63.018,0.654,113.1,1.52,239.3,43.3,3869.6,0.774,0.01128,79.163,5.024,71.96266666666666,3.689333333333333,2.891166666666667,-0.5520002234706969,HIGH
DEMO_SYNTHETIC,PT_021,2023-03-16,20.940478,85.222743,79.163,5.024,1.764,67.289,0.58,113.1,1.52,239.3,11.2,3880.9,0.774,0.01128,78.516,-0.647,74.72699999999999,2.764666666666667,3.264,-0.868132376430721,HIGH
DEMO_SYNTHETIC,PT_021,2023-04-15,20.940478,85.222743,78.516,-0.647,-5.671,66.738,0.807,113.1,1.52,239.3,57.7,3938.5,0.774,0.01128,79.817,1.301,77.27266666666667,2.5456666666666665,2.4611666666666667,-0.4101839305540504,HIGH
DEMO_SYNTHETIC,PT_021,2023-05-15,20.940478,85.222743,79.817,1.301,1.948,67.844,0.723,113.1,1.52,239.3,16.6,3955.2,0.774,0.01128,79.618,-0.199,79.16533333333332,1.8926666666666667,2.7910000000000004,-0.8149512665869788,HIGH
DEMO_SYNTHETIC,PT_021,2023-06-14,20.940478,85.222743,79.618,-0.199,-1.5,67.675,0.648,113.1,1.52,239.3,272.4,4227.5,0.774,0.01128,75.937,-3.681,79.317,0.1516666666666666,1.4581666666666664,1.7042576034184482,HIGH
DEMO_SYNTHETIC,PT_021,2023-07-14,20.940478,85.222743,75.937,-3.681,-3.482,64.546,0.797,113.1,1.52,239.3,82.8,4310.4,0.774,0.01128,79.826,3.889,78.45733333333332,-0.8596666666666667,0.843,-0.1629902533173959,HIGH
DEMO_SYNTHETIC,PT_021,2023-08-13,20.940478,85.222743,79.826,3.889,7.57,67.852,0.748,113.1,1.52,239.3,147.9,4458.2,0.774,0.01128,81.287,1.461,78.46033333333334,0.0029999999999999,0.9478333333333336,0.4781375709099431,HIGH
DEMO_SYNTHETIC,PT_021,2023-09-12,20.940478,85.222743,81.287,1.461,-2.428,69.094,0.819,113.1,1.52,239.3,190.5,4648.7,0.774,0.01128,77.694,-3.593,79.01666666666667,0.5563333333333332,0.3540000000000001,0.897677437455022,CRITICAL
DEMO_SYNTHETIC,PT_021,2023-10-12,20.940478,85.222743,77.694,-3.593,-5.054,66.04,0.848,113.1,1.52,239.3,58.8,4707.5,0.774,0.01128,81.58,3.886,79.60233333333333,0.5856666666666666,-0.1369999999999998,-0.3993507415118066,HIGH
DEMO_SYNTHETIC,PT_021,2023-11-11,20.940478,85.222743,81.58,3.886,7.478,69.343,0.866,113.1,1.52,239.3,61.6,4769.1,0.774,0.01128,81.58,3.886,80.187,0.5846666666666667,0.2938333333333334,-0.3717753512224587,CRITICAL
DEMO_SYNTHETIC,PT_022,2020-01-01,20.937578,85.229928,5.434,0.0,0.0,4.619,0.671,154.5,2.62,245.7,39.9,39.9,0.637,0.01815,3.904,-1.53,5.434,0.0,0.0,-0.5953091305353947,LOW
DEMO_SYNTHETIC,PT_022,2020-01-31,20.937578,85.229928,3.904,-1.53,0.0,3.318,0.703,154.5,2.62,245.7,32.8,72.7,0.637,0.01815,8.99,5.085,4.6690000000000005,-0.765,-0.765,-0.6621409491230228,LOW
DEMO_SYNTHETIC,PT_022,2020-03-01,20.937578,85.229928,8.99,5.085,6.615,7.641,0.586,154.5,2.62,245.7,22.2,94.9,0.637,0.01815,6.309,-2.68,6.109333333333333,1.1849999999999998,1.1849999999999998,-0.7619180303946929,HIGH
DEMO_SYNTHETIC,PT_022,2020-03-31,20.937578,85.229928,6.309,-2.68,-7.766,5.363,0.727,154.5,2.62,245.7,35.2,130.0,0.637,0.01815,8.104,1.795,6.401,0.2916666666666665,0.2187499999999999,-0.6395499118539654,MODERATE
DEMO_SYNTHETIC,PT_022,2020-04-30,20.937578,85.229928,8.104,1.795,4.475,6.888,0.801,154.5,2.62,245.7,32.5,162.5,0.637,0.01815,4.979,-3.125,7.800999999999999,1.3999999999999997,0.5339999999999999,-0.664964828781655,LOW
DEMO_SYNTHETIC,PT_022,2020-05-30,20.937578,85.229928,4.979,-3.125,-4.92,4.232,0.601,154.5,2.62,245.7,32.0,194.5,0.637,0.01815,6.281,1.302,6.464,-1.336666666666667,-0.0758333333333334,-0.6696712948793753,MODERATE
DEMO_SYNTHETIC,PT_022,2020-06-29,20.937578,85.229928,6.281,1.302,4.427,5.339,0.843,154.5,2.62,245.7,161.0,355.5,0.637,0.01815,5.24,-1.041,6.454666666666665,-0.0093333333333334,0.1411666666666665,0.5445969583324587,LOW
DEMO_SYNTHETIC,PT_022,2020-07-29,20.937578,85.229928,5.24,-1.041,-2.342,4.454,0.529,154.5,2.62,245.7,301.0,656.5,0.637,0.01815,7.3,2.06,5.5,-0.9546666666666668,0.2226666666666666,1.8624074656941387,LOW
DEMO_SYNTHETIC,PT_022,2020-08-28,20.937578,85.229928,7.3,2.06,3.1,6.205,0.821,154.5,2.62,245.7,272.6,929.1,0.637,0.01815,5.272,-2.028,6.273666666666667,0.7736666666666666,-0.2815,1.5950801913436268,MODERATE
DEMO_SYNTHETIC,PT_022,2020-09-27,20.937578,85.229928,5.272,-2.028,-4.087,4.481,0.654,154.5,2.62,245.7,290.9,1220.0,0.637,0.01815,8.378,3.105,5.937333333333334,-0.3363333333333334,-0.1728333333333333,1.7673368505201887,MODERATE
DEMO_SYNTHETIC,PT_022,2020-10-27,20.937578,85.229928,8.378,3.105,5.133,7.121,0.729,154.5,2.62,245.7,10.1,1230.0,0.637,0.01815,7.367,-1.01,6.983333333333334,1.0456666666666663,0.0455,-0.8758145099595238,MODERATE
DEMO_SYNTHETIC,PT_022,2020-11-26,20.937578,85.229928,7.367,-1.01,-4.115,6.262,0.687,154.5,2.62,245.7,12.5,1242.6,0.637,0.01815,10.958,3.59,7.0056666666666665,0.0223333333333331,0.3979999999999999,-0.8532234726904664,LOW
DEMO_SYNTHETIC,PT_022,2020-12-26,20.937578,85.229928,10.958,3.59,4.6,9.314,0.656,154.5,2.62,245.7,45.0,1287.6,0.637,0.01815,15.194,4.237,8.901000000000002,1.895,0.7793333333333333,-0.5473031763386478,MODERATE
DEMO_SYNTHETIC,PT_022,2021-01-25,20.937578,85.229928,15.194,4.237,0.646,12.915,0.685,154.5,2.62,245.7,53.9,1341.5,0.637,0.01815,17.656,2.462,11.173000000000002,2.272333333333333,1.659,-0.4635280797992267,MODERATE
DEMO_SYNTHETIC,PT_022,2021-02-24,20.937578,85.229928,17.656,2.462,-1.775,15.007,0.761,154.5,2.62,245.7,48.1,1389.6,0.637,0.01815,13.502,-4.154,14.60266666666667,3.4296666666666664,1.726,-0.518123086532782,MODERATE
DEMO_SYNTHETIC,PT_022,2021-03-26,20.937578,85.229928,13.502,-4.154,-6.616,11.477,0.626,154.5,2.62,245.7,7.1,1396.8,0.637,0.01815,19.54,6.039,15.450666666666669,0.8483333333333333,1.3716666666666668,-0.9040533065458456,MODERATE
DEMO_SYNTHETIC,PT_022,2021-04-25,20.937578,85.229928,19.54,6.039,10.193,16.609,0.769,154.5,2.62,245.7,33.2,1429.9,0.637,0.01815,20.208,0.668,16.899333333333335,1.4489999999999998,1.8606666666666667,-0.6583757762448466,HIGH
DEMO_SYNTHETIC,PT_022,2021-05-25,20.937578,85.229928,20.208,0.668,-5.371,17.177,0.669,154.5,2.62,245.7,38.8,1468.8,0.637,0.01815,19.201,-1.007,17.75,0.8509999999999999,2.140333333333333,-0.6056633559503793,MODERATE
DEMO_SYNTHETIC,PT_022,2021-06-24,20.937578,85.229928,19.201,-1.007,-1.674,16.321,0.98,154.5,2.62,245.7,245.1,1713.9,0.637,0.01815,18.976,-0.226,19.649666666666665,1.9,1.3741666666666663,1.336224555969011,MODERATE
DEMO_SYNTHETIC,PT_022,2021-07-24,20.937578,85.229928,18.976,-0.226,0.781,16.129,0.757,154.5,2.62,245.7,142.2,1856.1,0.637,0.01815,20.64,1.665,19.461666666666662,-0.1883333333333336,0.6303333333333333,0.3676338330581758,MODERATE
DEMO_SYNTHETIC,PT_022,2021-08-23,20.937578,85.229928,20.64,1.665,1.891,17.544,0.705,154.5,2.62,245.7,275.4,2131.5,0.637,0.01815,19.616,-1.024,19.605666666666668,0.1439999999999996,0.4974999999999999,1.62143640149086,MODERATE
DEMO_SYNTHETIC,PT_022,2021-09-22,20.937578,85.229928,19.616,-1.024,-2.689,16.674,0.669,154.5,2.62,245.7,248.0,2379.5,0.637,0.01815,24.872,5.256,19.744,0.138333333333333,1.0191666666666666,1.3635220593357884,MODERATE
DEMO_SYNTHETIC,PT_022,2021-10-22,20.937578,85.229928,24.872,5.256,6.28,21.142,0.734,154.5,2.62,245.7,26.2,2405.7,0.637,0.01815,28.022,3.149,21.709333333333333,1.9656666666666665,0.8886666666666666,-0.7242663016129306,HIGH
DEMO_SYNTHETIC,PT_022,2021-11-21,20.937578,85.229928,28.022,3.149,-2.107,23.818,0.713,154.5,2.62,245.7,23.0,2428.7,0.637,0.01815,25.911,-2.111,24.17,2.4603333333333333,1.3021666666666667,-0.7543876846383404,MODERATE
DEMO_SYNTHETIC,PT_022,2021-12-21,20.937578,85.229928,25.911,-2.111,-5.26,22.024,0.801,154.5,2.62,245.7,37.3,2466.0,0.637,0.01815,33.479,7.569,26.26833333333333,2.0979999999999994,1.1181666666666663,-0.6197827542435402,MODERATE
DEMO_SYNTHETIC,PT_022,2022-01-20,20.937578,85.229928,33.479,7.569,9.68,28.457,0.637,154.5,2.62,245.7,21.6,2487.6,0.637,0.01815,38.888,5.409,29.13733333333333,2.869,2.4173333333333336,-0.7675657897119571,HIGH
DEMO_SYNTHETIC,PT_022,2022-02-19,20.937578,85.229928,38.888,5.409,-2.16,33.055,0.774,154.5,2.62,245.7,25.0,2512.5,0.637,0.01815,40.164,1.276,32.75933333333333,3.622333333333333,3.0413333333333328,-0.7355618202474593,HIGH
DEMO_SYNTHETIC,PT_022,2022-03-21,20.937578,85.229928,40.164,1.276,-4.132,34.139,0.875,154.5,2.62,245.7,36.7,2549.2,0.637,0.01815,41.546,1.382,37.510333333333335,4.751333333333333,3.424666666666667,-0.6254305135608046,HIGH
DEMO_SYNTHETIC,PT_022,2022-04-20,20.937578,85.229928,41.546,1.382,0.106,35.314,0.729,154.5,2.62,245.7,55.3,2604.5,0.637,0.01815,43.437,1.891,40.199333333333335,2.689,2.779,-0.4503499747256099,HIGH
DEMO_SYNTHETIC,PT_022,2022-05-20,20.937578,85.229928,43.437,1.891,0.509,36.922,0.78,154.5,2.62,245.7,0.0,2604.5,0.637,0.01815,42.398,-1.039,41.71566666666667,1.516333333333333,2.569333333333333,-0.9708851251334736,HIGH
DEMO_SYNTHETIC,PT_022,2022-06-19,20.937578,85.229928,42.398,-1.039,-2.931,36.038,0.81,154.5,2.62,245.7,211.0,2815.5,0.637,0.01815,45.454,3.056,42.46033333333333,0.7446666666666664,2.7480000000000007,1.0152435681044871,HIGH
DEMO_SYNTHETIC,PT_022,2022-07-19,20.937578,85.229928,45.454,3.056,4.096,38.636,0.646,154.5,2.62,245.7,272.6,3088.1,0.637,0.01815,47.029,1.574,43.763,1.3026666666666664,1.9958333333333336,1.5950801913436268,HIGH
DEMO_SYNTHETIC,PT_022,2022-08-18,20.937578,85.229928,47.029,1.574,-1.482,39.974,0.659,154.5,2.62,245.7,279.7,3367.8,0.637,0.01815,45.204,-1.824,44.96033333333333,1.1969999999999998,1.356666666666667,1.6619120099312543,HIGH
DEMO_SYNTHETIC,PT_022,2022-09-17,20.937578,85.229928,45.204,-1.824,-3.399,38.424,0.7,154.5,2.62,245.7,257.9,3625.7,0.637,0.01815,48.904,3.699,45.89566666666667,0.9353333333333328,0.8400000000000002,1.4567100880706498,HIGH
DEMO_SYNTHETIC,PT_022,2022-10-17,20.937578,85.229928,48.904,3.699,5.524,41.568,0.731,154.5,2.62,245.7,53.8,3679.5,0.637,0.01815,48.224,-0.68,47.04566666666667,1.1496666666666662,1.2261666666666668,-0.4644693730187708,HIGH
DEMO_SYNTHETIC,PT_022,2022-11-16,20.937578,85.229928,48.224,-0.68,-4.379,40.99,0.641,154.5,2.62,245.7,45.6,3725.2,0.637,0.01815,55.337,7.113,47.444,0.3983333333333328,0.7976666666666667,-0.5416554170213834,HIGH
DEMO_SYNTHETIC,PT_022,2022-12-16,20.937578,85.229928,55.337,7.113,7.792,47.036,0.976,154.5,2.62,245.7,35.1,3760.3,0.637,0.01815,59.905,4.568,50.821666666666665,3.3773333333333326,2.156333333333333,-0.6404912050735094,HIGH
DEMO_SYNTHETIC,PT_022,2023-01-15,20.937578,85.229928,59.905,4.568,-2.544,50.919,0.821,154.5,2.62,245.7,50.6,3810.9,0.637,0.01815,61.805,1.9,54.48866666666667,3.667,2.4083333333333337,-0.4945907560441805,HIGH
DEMO_SYNTHETIC,PT_022,2023-02-14,20.937578,85.229928,61.805,1.9,-2.668,52.535,0.708,154.5,2.62,245.7,24.6,3835.5,0.637,0.01815,62.104,0.299,59.01566666666667,4.526999999999999,2.462666666666667,-0.7393269931256354,HIGH
DEMO_SYNTHETIC,PT_022,2023-03-16,20.937578,85.229928,62.104,0.299,-1.602,52.789,0.709,154.5,2.62,245.7,59.3,3894.8,0.637,0.01815,60.541,-1.564,61.27133333333333,2.255666666666666,2.8165,-0.4126982459438476,HIGH
DEMO_SYNTHETIC,PT_022,2023-04-15,20.937578,85.229928,60.541,-1.564,-1.862,51.46,0.807,154.5,2.62,245.7,48.6,3943.4,0.637,0.01815,66.33,5.789,61.48333333333333,0.211666666666666,1.939333333333333,-0.5134166204350618,HIGH
DEMO_SYNTHETIC,PT_022,2023-05-15,20.937578,85.229928,66.33,5.789,7.353,56.38,0.652,154.5,2.62,245.7,6.0,3949.4,0.637,0.01815,65.658,-0.671,62.99166666666667,1.5079999999999991,3.0175,-0.91440753196083,HIGH
DEMO_SYNTHETIC,PT_022,2023-06-14,20.937578,85.229928,65.658,-0.671,-6.46,55.81,0.612,154.5,2.62,245.7,130.7,4080.1,0.637,0.01815,66.542,0.883,64.17633333333333,1.1846666666666656,1.7201666666666666,0.2593851128106092,HIGH
DEMO_SYNTHETIC,PT_022,2023-07-14,20.937578,85.229928,66.542,0.883,1.555,56.561,0.797,154.5,2.62,245.7,252.5,4332.6,0.637,0.01815,60.121,-6.421,66.17666666666668,2.0003333333333324,1.106,1.405880254215271,HIGH
DEMO_SYNTHETIC,PT_022,2023-08-13,20.937578,85.229928,60.121,-6.421,-7.304,51.103,0.669,154.5,2.62,245.7,259.4,4592.0,0.637,0.01815,64.839,4.718,64.107,-2.069666666666668,-0.2808333333333335,1.4708294863638107,HIGH
DEMO_SYNTHETIC,PT_022,2023-09-12,20.937578,85.229928,64.839,4.718,11.139,55.113,0.686,154.5,2.62,245.7,307.3,4899.3,0.637,0.01815,62.981,-1.858,63.834,-0.2733333333333343,0.4556666666666665,1.9217089385254145,HIGH
DEMO_SYNTHETIC,PT_022,2023-10-12,20.937578,85.229928,62.981,-1.858,-6.576,53.534,0.829,154.5,2.62,245.7,9.8,4909.2,0.637,0.01815,67.638,4.657,62.647,-1.1870000000000012,0.4066666666666665,-0.878638389618156,HIGH
DEMO_SYNTHETIC,PT_022,2023-11-11,20.937578,85.229928,67.638,4.657,6.514,57.492,0.824,154.5,2.62,245.7,41.8,4951.0,0.637,0.01815,67.638,4.657,65.15266666666666,2.5056666666666656,0.2179999999999999,-0.5774245593640577,HIGH
DEMO_SYNTHETIC,PT_023,2020-01-01,20.939649,85.235529,1.252,0.0,0.0,1.064,0.659,113.9,3.56,66.8,24.6,24.6,0.57,0.02149,3.483,2.23,1.252,0.0,0.0,-0.7440089082477859,LOW
DEMO_SYNTHETIC,PT_023,2020-01-31,20.939649,85.235529,3.483,2.23,0.0,2.96,0.846,113.9,3.56,66.8,25.6,50.1,0.57,0.02149,2.382,-1.1,2.3675,1.115,1.115,-0.7345586760181236,MODERATE
DEMO_SYNTHETIC,PT_023,2020-03-01,20.939649,85.235529,2.382,-1.1,-3.33,2.025,0.939,113.9,3.56,66.8,40.6,90.7,0.57,0.02149,7.401,5.018,2.372333333333333,0.3766666666666666,0.3766666666666666,-0.5928051925731896,LOW
DEMO_SYNTHETIC,PT_023,2020-03-31,20.939649,85.235529,7.401,5.018,6.119,6.291,0.731,113.9,3.56,66.8,28.1,118.9,0.57,0.02149,3.425,-3.976,4.422,2.049333333333333,1.537,-0.710933095443968,HIGH
DEMO_SYNTHETIC,PT_023,2020-04-30,20.939649,85.235529,3.425,-3.976,-8.995,2.911,0.71,113.9,3.56,66.8,16.0,134.9,0.57,0.02149,4.541,1.117,4.402666666666666,-0.0193333333333334,0.4343999999999999,-0.8252809054228816,MODERATE
DEMO_SYNTHETIC,PT_023,2020-05-30,20.939649,85.235529,4.541,1.117,5.093,3.86,0.777,113.9,3.56,66.8,6.8,141.6,0.57,0.02149,4.456,-0.085,5.122333333333334,0.7196666666666666,0.5481666666666666,-0.9122230419357744,LOW
DEMO_SYNTHETIC,PT_023,2020-06-29,20.939649,85.235529,4.456,-0.085,-1.202,3.788,0.75,113.9,3.56,66.8,233.5,375.2,0.57,0.02149,4.209,-0.248,4.140666666666667,-0.9813333333333332,0.5339999999999999,1.2301446045286628,LOW
DEMO_SYNTHETIC,PT_023,2020-07-29,20.939649,85.235529,4.209,-0.248,-0.163,3.577,0.703,113.9,3.56,66.8,216.1,591.2,0.57,0.02149,3.601,-0.607,4.402,0.2613333333333333,0.1209999999999999,1.0657105637325393,LOW
DEMO_SYNTHETIC,PT_023,2020-08-28,20.939649,85.235529,3.601,-0.607,-0.36,3.061,0.776,113.9,3.56,66.8,252.4,843.7,0.57,0.02149,1.76,-1.841,4.088666666666666,-0.3133333333333333,0.2031666666666666,1.4087539936692797,LOW
DEMO_SYNTHETIC,PT_023,2020-09-27,20.939649,85.235529,1.76,-1.841,-1.233,1.496,0.841,113.9,3.56,66.8,260.3,1104.0,0.57,0.02149,3.778,2.018,3.19,-0.8986666666666666,-0.94,1.4834108282836118,LOW
DEMO_SYNTHETIC,PT_023,2020-10-27,20.939649,85.235529,3.778,2.018,3.859,3.211,0.627,113.9,3.56,66.8,70.1,1174.0,0.57,0.02149,6.274,2.496,3.046333333333333,-0.1433333333333332,0.059,-0.3140233417981526,MODERATE
DEMO_SYNTHETIC,PT_023,2020-11-26,20.939649,85.235529,6.274,2.496,0.478,5.333,0.664,113.9,3.56,66.8,44.0,1218.0,0.57,0.02149,5.006,-1.268,3.9373333333333336,0.891,0.2888333333333333,-0.560674402992338,MODERATE
DEMO_SYNTHETIC,PT_023,2020-12-26,20.939649,85.235529,5.006,-1.268,-3.764,4.255,0.728,113.9,3.56,66.8,45.9,1263.9,0.57,0.02149,10.442,5.436,5.019333333333333,1.082,0.0916666666666666,-0.5427189617559796,LOW
DEMO_SYNTHETIC,PT_023,2021-01-25,20.939649,85.235529,10.442,5.436,6.704,8.876,0.655,113.9,3.56,66.8,20.0,1283.9,0.57,0.02149,10.738,0.296,7.240666666666667,2.2213333333333334,1.039,-0.7874799765042324,HIGH
DEMO_SYNTHETIC,PT_023,2021-02-24,20.939649,85.235529,10.738,0.296,-5.14,9.127,0.824,113.9,3.56,66.8,17.9,1301.8,0.57,0.02149,11.297,0.559,8.728666666666667,1.4880000000000004,1.1895,-0.8073254641865233,LOW
DEMO_SYNTHETIC,PT_023,2021-03-26,20.939649,85.235529,11.297,0.559,0.263,9.602,0.719,113.9,3.56,66.8,31.1,1332.9,0.57,0.02149,12.539,1.242,10.825666666666663,2.097,1.5895,-0.6825823987549812,LOW
DEMO_SYNTHETIC,PT_023,2021-04-25,20.939649,85.235529,12.539,1.242,0.683,10.658,0.779,113.9,3.56,66.8,38.7,1371.6,0.57,0.02149,11.378,-1.161,11.524666666666668,0.6990000000000003,1.4601666666666668,-0.6107606338095479,LOW
DEMO_SYNTHETIC,PT_023,2021-05-25,20.939649,85.235529,11.378,-1.161,-2.403,9.671,0.707,113.9,3.56,66.8,51.3,1422.9,0.57,0.02149,9.959,-1.419,11.738,0.2133333333333336,0.8506666666666667,-0.4916877077158033,LOW
DEMO_SYNTHETIC,PT_023,2021-06-24,20.939649,85.235529,9.959,-1.419,-0.259,8.465,0.687,113.9,3.56,66.8,273.8,1696.7,0.57,0.02149,12.758,2.8,11.292,-0.4459999999999997,0.8254999999999999,1.6109889633840526,LOW
DEMO_SYNTHETIC,PT_023,2021-07-24,20.939649,85.235529,12.758,2.8,4.219,10.845,0.716,113.9,3.56,66.8,238.3,1935.0,0.57,0.02149,13.702,0.943,11.365,0.0733333333333335,0.3861666666666666,1.275505719231042,MODERATE
DEMO_SYNTHETIC,PT_023,2021-08-23,20.939649,85.235529,13.702,0.943,-1.857,11.646,0.662,113.9,3.56,66.8,203.7,2138.8,0.57,0.02149,14.908,1.207,12.139666666666663,0.774666666666667,0.494,0.9485276840847268,LOW
DEMO_SYNTHETIC,PT_023,2021-09-22,20.939649,85.235529,14.908,1.207,0.263,12.672,0.755,113.9,3.56,66.8,294.9,2433.7,0.57,0.02149,13.679,-1.229,13.789333333333332,1.6500000000000004,0.602,1.810388863429926,LOW
DEMO_SYNTHETIC,PT_023,2021-10-22,20.939649,85.235529,13.679,-1.229,-2.435,11.627,0.561,113.9,3.56,66.8,34.5,2468.2,0.57,0.02149,17.263,3.584,14.096333333333332,0.3070000000000002,0.1901666666666666,-0.6504516091741295,LOW
DEMO_SYNTHETIC,PT_023,2021-11-21,20.939649,85.235529,17.263,3.584,4.812,14.673,0.701,113.9,3.56,66.8,45.6,2513.7,0.57,0.02149,15.573,-1.69,15.283333333333331,1.1873333333333336,0.981,-0.5455540314248782,MODERATE
DEMO_SYNTHETIC,PT_023,2021-12-21,20.939649,85.235529,15.573,-1.69,-5.274,13.237,0.702,113.9,3.56,66.8,16.1,2529.8,0.57,0.02149,19.784,4.211,15.505,0.2216666666666668,0.9358333333333334,-0.8243358821999153,MODERATE
DEMO_SYNTHETIC,PT_023,2022-01-20,20.939649,85.235529,19.784,4.211,5.901,16.816,0.794,113.9,3.56,66.8,2.5,2532.3,0.57,0.02149,26.257,6.473,17.54,2.0350000000000006,1.171,-0.9528590405233222,MODERATE
DEMO_SYNTHETIC,PT_023,2022-02-19,20.939649,85.235529,26.257,6.473,2.262,22.318,0.817,113.9,3.56,66.8,29.0,2561.3,0.57,0.02149,25.585,-0.671,20.538,2.9980000000000007,2.0926666666666667,-0.7024278864372719,HIGH
DEMO_SYNTHETIC,PT_023,2022-03-21,20.939649,85.235529,25.585,-0.671,-7.144,21.747,0.889,113.9,3.56,66.8,42.9,2604.2,0.57,0.02149,25.92,0.335,23.875333333333334,3.337666666666667,1.7796666666666665,-0.5710696584449664,MODERATE
DEMO_SYNTHETIC,PT_023,2022-04-20,20.939649,85.235529,25.92,0.335,1.006,22.032,0.633,113.9,3.56,66.8,51.4,2655.5,0.57,0.02149,30.243,4.323,25.920666666666666,2.0456666666666665,2.0403333333333333,-0.4907426844928371,MODERATE
DEMO_SYNTHETIC,PT_023,2022-05-20,20.939649,85.235529,30.243,4.323,3.988,25.706,0.798,113.9,3.56,66.8,19.1,2674.6,0.57,0.02149,25.524,-4.719,27.24933333333333,1.329,2.1635000000000004,-0.7959851855109285,MODERATE
DEMO_SYNTHETIC,PT_023,2022-06-19,20.939649,85.235529,25.524,-4.719,-9.042,21.695,0.695,113.9,3.56,66.8,219.5,2894.1,0.57,0.02149,28.336,2.812,27.229000000000003,-0.0203333333333333,1.6586666666666667,1.0978413533133908,MODERATE
DEMO_SYNTHETIC,PT_023,2022-07-19,20.939649,85.235529,28.336,2.812,7.531,24.086,0.744,113.9,3.56,66.8,250.1,3144.2,0.57,0.02149,26.009,-2.327,28.034333333333336,0.8053333333333331,1.4254999999999998,1.3870184595410562,MODERATE
DEMO_SYNTHETIC,PT_023,2022-08-18,20.939649,85.235529,26.009,-2.327,-5.139,22.108,0.868,113.9,3.56,66.8,310.6,3454.8,0.57,0.02149,27.388,1.379,26.623,-1.4113333333333336,-0.0411666666666667,1.958757509435624,MODERATE
DEMO_SYNTHETIC,PT_023,2022-09-17,20.939649,85.235529,27.388,1.379,3.705,23.28,0.811,113.9,3.56,66.8,281.7,3736.6,0.57,0.02149,29.679,2.29,27.244333333333334,0.6213333333333332,0.3004999999999999,1.6856457979983843,MODERATE
DEMO_SYNTHETIC,PT_023,2022-10-17,20.939649,85.235529,29.679,2.29,0.912,25.227,0.685,113.9,3.56,66.8,12.5,3749.1,0.57,0.02149,35.199,5.52,27.692,0.4473333333333332,0.6263333333333333,-0.8583567182266995,MODERATE
DEMO_SYNTHETIC,PT_023,2022-11-16,20.939649,85.235529,35.199,5.52,3.23,29.919,0.687,113.9,3.56,66.8,24.5,3773.5,0.57,0.02149,35.285,0.086,30.75533333333333,3.063,0.8258333333333332,-0.7449539314707522,HIGH
DEMO_SYNTHETIC,PT_023,2022-12-16,20.939649,85.235529,35.285,0.086,-5.434,29.992,0.805,113.9,3.56,66.8,26.7,3800.3,0.57,0.02149,39.004,3.719,33.38766666666666,2.632,1.6266666666666667,-0.7241634205654952,MODERATE
DEMO_SYNTHETIC,PT_023,2023-01-15,20.939649,85.235529,39.004,3.719,3.633,33.154,0.738,113.9,3.56,66.8,56.5,3856.7,0.57,0.02149,40.997,1.993,36.496,3.108333333333333,1.7778333333333334,-0.4425465001215595,MODERATE
DEMO_SYNTHETIC,PT_023,2023-02-14,20.939649,85.235529,40.997,1.993,-1.727,34.847,0.85,113.9,3.56,66.8,33.3,3890.0,0.57,0.02149,37.759,-3.237,38.428666666666665,1.9326666666666668,2.4978333333333333,-0.6617918878497242,HIGH
DEMO_SYNTHETIC,PT_023,2023-03-16,20.939649,85.235529,37.759,-3.237,-5.23,32.095,0.776,113.9,3.56,66.8,44.9,3934.9,0.57,0.02149,44.926,7.166,39.25333333333334,0.8249999999999998,1.7285,-0.5521691939856419,MODERATE
DEMO_SYNTHETIC,PT_023,2023-04-15,20.939649,85.235529,44.926,7.166,10.404,38.187,0.721,113.9,3.56,66.8,26.6,3961.5,0.57,0.02149,38.887,-6.039,41.22733333333333,1.974,2.541166666666667,-0.7251084437884614,HIGH
DEMO_SYNTHETIC,PT_023,2023-05-15,20.939649,85.235529,38.887,-6.039,-13.205,33.054,0.752,113.9,3.56,66.8,26.4,3987.9,0.57,0.02149,41.902,3.015,40.524,-0.7033333333333331,0.6146666666666668,-0.726998490234394,HIGH
DEMO_SYNTHETIC,PT_023,2023-06-14,20.939649,85.235529,41.902,3.015,9.054,35.617,0.821,113.9,3.56,66.8,182.7,4170.6,0.57,0.02149,41.731,-0.171,41.905,1.3806666666666672,1.1028333333333336,0.7500728072618192,HIGH
DEMO_SYNTHETIC,PT_023,2023-07-14,20.939649,85.235529,41.731,-0.171,-3.186,35.471,0.728,113.9,3.56,66.8,185.4,4356.0,0.57,0.02149,36.757,-4.974,40.84,-1.0649999999999995,0.4545000000000002,0.7755884342819075,HIGH
DEMO_SYNTHETIC,PT_023,2023-08-13,20.939649,85.235529,36.757,-4.974,-4.803,31.243,0.584,113.9,3.56,66.8,340.4,4696.4,0.57,0.02149,40.607,3.85,40.13,-0.71,-0.7066666666666666,2.24037442987956,MODERATE
DEMO_SYNTHETIC,PT_023,2023-09-12,20.939649,85.235529,40.607,3.85,8.825,34.516,0.815,113.9,3.56,66.8,188.7,4885.0,0.57,0.02149,42.138,1.53,39.69833333333333,-0.4316666666666665,0.4745000000000001,0.8067742006397928,HIGH
DEMO_SYNTHETIC,PT_023,2023-10-12,20.939649,85.235529,42.138,1.53,-2.32,35.817,0.574,113.9,3.56,66.8,29.6,4914.7,0.57,0.02149,37.144,-4.994,39.834,0.1353333333333334,-0.4648333333333331,-0.6967577470994746,HIGH
DEMO_SYNTHETIC,PT_023,2023-11-11,20.939649,85.235529,37.144,-4.994,-6.524,31.572,0.799,113.9,3.56,66.8,44.9,4959.5,0.57,0.02149,37.144,-4.994,39.963,0.128666666666667,-0.2906666666666664,-0.5521691939856419,MODERATE
DEMO_SYNTHETIC,PT_024,2020-01-01,20.943653,85.241421,3.465,0.0,0.0,2.945,0.78,119.2,3.4,201.7,29.5,29.5,0.49,0.02552,5.179,1.714,3.465,0.0,0.0,-0.6993228406478159,LOW
DEMO_SYNTHETIC,PT_024,2020-01-31,20.943653,85.241421,5.179,1.714,0.0,4.402,0.737,119.2,3.4,201.7,40.9,70.4,0.49,0.02552,3.272,-1.907,4.322,0.857,0.857,-0.5995758230264822,LOW
DEMO_SYNTHETIC,PT_024,2020-03-01,20.943653,85.241421,3.272,-1.907,-3.621,2.781,0.623,119.2,3.4,201.7,35.7,106.1,0.49,0.02552,5.075,1.803,3.972,-0.0643333333333333,-0.0643333333333333,-0.6450744626432309,LOW
DEMO_SYNTHETIC,PT_024,2020-03-31,20.943653,85.241421,5.075,1.803,3.709,4.314,0.664,119.2,3.4,201.7,24.8,130.9,0.49,0.02552,6.487,1.412,4.508666666666667,0.5366666666666666,0.4024999999999999,-0.7404466110706465,LOW
DEMO_SYNTHETIC,PT_024,2020-04-30,20.943653,85.241421,6.487,1.412,-0.391,5.514,0.571,119.2,3.4,201.7,18.7,149.6,0.49,0.02552,6.751,0.264,4.9446666666666665,0.4359999999999999,0.6043999999999999,-0.7938200152364479,LOW
DEMO_SYNTHETIC,PT_024,2020-05-30,20.943653,85.241421,6.751,0.264,-1.147,5.738,0.678,119.2,3.4,201.7,41.1,190.8,0.49,0.02552,4.471,-2.28,6.104333333333333,1.1596666666666666,0.5476666666666666,-0.5978258753489147,LOW
DEMO_SYNTHETIC,PT_024,2020-06-29,20.943653,85.241421,4.471,-2.28,-2.545,3.8,0.74,119.2,3.4,201.7,345.9,536.7,0.49,0.02552,6.38,1.91,5.903,-0.2013333333333333,0.1676666666666667,2.0690943852635875,MODERATE
DEMO_SYNTHETIC,PT_024,2020-07-29,20.943653,85.241421,6.38,1.91,4.19,5.423,0.458,119.2,3.4,201.7,294.4,831.1,0.49,0.02552,1.67,-4.711,5.867333333333334,-0.0353333333333333,0.2003333333333333,1.6184828582900184,LOW
DEMO_SYNTHETIC,PT_024,2020-08-28,20.943653,85.241421,1.67,-4.711,-6.62,1.419,0.508,119.2,3.4,201.7,248.1,1079.2,0.49,0.02552,6.704,5.034,4.173666666666667,-1.6936666666666669,-0.267,1.2133699709331984,MODERATE
DEMO_SYNTHETIC,PT_024,2020-09-27,20.943653,85.241421,6.704,5.034,9.745,5.698,0.627,119.2,3.4,201.7,214.3,1293.6,0.49,0.02552,5.296,-1.408,4.918,0.7443333333333331,0.2714999999999999,0.9176288134243316,HIGH
DEMO_SYNTHETIC,PT_024,2020-10-27,20.943653,85.241421,5.296,-1.408,-6.442,4.502,0.76,119.2,3.4,201.7,16.5,1310.1,0.49,0.02552,4.432,-0.864,4.556666666666667,-0.3616666666666668,-0.1985,-0.8130694396896877,LOW
DEMO_SYNTHETIC,PT_024,2020-11-26,20.943653,85.241421,4.432,-0.864,0.544,3.768,0.777,119.2,3.4,201.7,45.4,1355.5,0.49,0.02552,9.207,4.774,5.477333333333334,0.9206666666666664,-0.3865,-0.5602020002812189,LOW
DEMO_SYNTHETIC,PT_024,2020-12-26,20.943653,85.241421,9.207,4.774,5.638,7.826,0.712,119.2,3.4,201.7,43.1,1398.5,0.49,0.02552,8.227,-0.979,6.311666666666667,0.834,0.7891666666666666,-0.5803263985732422,MODERATE
DEMO_SYNTHETIC,PT_024,2021-01-25,20.943653,85.241421,8.227,-0.979,-5.753,6.993,0.617,119.2,3.4,201.7,4.6,1403.2,0.49,0.02552,12.947,4.719,7.288666666666667,0.977,0.3076666666666667,-0.9171913265049396,LOW
DEMO_SYNTHETIC,PT_024,2021-02-24,20.943653,85.241421,12.947,4.719,5.698,11.005,0.906,119.2,3.4,201.7,44.7,1447.8,0.49,0.02552,20.09,7.143,10.127,2.838,1.8793333333333333,-0.5663268171527042,MODERATE
DEMO_SYNTHETIC,PT_024,2021-03-26,20.943653,85.241421,20.09,7.143,2.424,17.076,0.717,119.2,3.4,201.7,29.8,1477.6,0.49,0.02552,14.908,-5.182,13.754666666666663,3.6276666666666655,2.230833333333333,-0.6966979191314651,HIGH
DEMO_SYNTHETIC,PT_024,2021-04-25,20.943653,85.241421,14.908,-5.182,-12.325,12.672,0.842,119.2,3.4,201.7,32.4,1510.0,0.49,0.02552,17.59,2.682,15.981666666666667,2.226666666666666,1.6018333333333334,-0.6739485993230907,HIGH
DEMO_SYNTHETIC,PT_024,2021-05-25,20.943653,85.241421,17.59,2.682,7.864,14.951,0.629,119.2,3.4,201.7,4.7,1514.7,0.49,0.02552,12.864,-4.726,17.52933333333333,1.5476666666666663,2.192833333333333,-0.916316352666156,MODERATE
DEMO_SYNTHETIC,PT_024,2021-06-24,20.943653,85.241421,12.864,-4.726,-7.408,10.934,0.561,119.2,3.4,201.7,185.4,1700.2,0.49,0.02552,15.679,2.815,15.120666666666663,-2.4086666666666665,0.6095,0.6647613740158627,MODERATE
DEMO_SYNTHETIC,PT_024,2021-07-24,20.943653,85.241421,15.679,2.815,7.541,13.327,0.944,119.2,3.4,201.7,240.4,1940.6,0.49,0.02552,13.954,-1.725,15.377666666666665,0.2570000000000001,1.2418333333333331,1.145996985346859,MODERATE
DEMO_SYNTHETIC,PT_024,2021-08-23,20.943653,85.241421,13.954,-1.725,-4.54,11.861,0.531,119.2,3.4,201.7,242.8,2183.3,0.49,0.02552,15.233,1.279,14.165666666666668,-1.212,0.1678333333333334,1.1669963574776658,LOW
DEMO_SYNTHETIC,PT_024,2021-09-22,20.943653,85.241421,15.233,1.279,3.003,12.948,0.847,119.2,3.4,201.7,286.3,2469.7,0.49,0.02552,15.347,0.114,14.955333333333334,0.7896666666666667,-0.8094999999999999,1.5476099773485448,MODERATE
DEMO_SYNTHETIC,PT_024,2021-10-22,20.943653,85.241421,15.347,0.114,-1.164,13.045,0.59,119.2,3.4,201.7,26.4,2496.1,0.49,0.02552,23.774,8.427,14.844666666666669,-0.1106666666666665,0.0731666666666668,-0.7264470296501084,MODERATE
DEMO_SYNTHETIC,PT_024,2021-11-21,20.943653,85.241421,23.774,8.427,8.313,20.208,0.753,119.2,3.4,201.7,45.7,2541.9,0.49,0.02552,28.183,4.408,18.118,3.273333333333333,1.0306666666666668,-0.5575770787648678,HIGH
DEMO_SYNTHETIC,PT_024,2021-12-21,20.943653,85.241421,28.183,4.408,-4.019,23.955,0.498,119.2,3.4,201.7,41.1,2582.9,0.49,0.02552,26.605,-1.577,22.43466666666667,4.316333333333334,2.5530000000000004,-0.5978258753489147,MODERATE
DEMO_SYNTHETIC,PT_024,2022-01-20,20.943653,85.241421,26.605,-1.577,-5.986,22.615,0.621,119.2,3.4,201.7,39.4,2622.3,0.49,0.02552,30.934,4.328,26.18733333333333,3.7526666666666655,1.8210000000000004,-0.6127004306082366,MODERATE
DEMO_SYNTHETIC,PT_024,2022-02-19,20.943653,85.241421,30.934,4.328,5.906,26.294,0.842,119.2,3.4,201.7,30.2,2652.6,0.49,0.02552,34.974,4.04,28.574,2.3863333333333334,2.8298333333333336,-0.6931980237763304,MODERATE
DEMO_SYNTHETIC,PT_024,2022-03-21,20.943653,85.241421,34.974,4.04,-0.289,29.728,0.566,119.2,3.4,201.7,10.7,2663.2,0.49,0.02552,38.423,3.449,30.837666666666667,2.263666666666667,3.2900000000000005,-0.8638179223391382,MODERATE
DEMO_SYNTHETIC,PT_024,2022-04-20,20.943653,85.241421,38.423,3.449,-0.591,32.66,0.728,119.2,3.4,201.7,33.3,2696.6,0.49,0.02552,36.434,-1.989,34.776999999999994,3.939,3.8458333333333337,-0.666073834774038,MODERATE
DEMO_SYNTHETIC,PT_024,2022-05-20,20.943653,85.241421,36.434,-1.989,-5.438,30.969,0.741,119.2,3.4,201.7,44.6,2741.2,0.49,0.02552,35.439,-0.996,36.61033333333333,1.8333333333333333,2.109833333333334,-0.5672017909914877,MODERATE
DEMO_SYNTHETIC,PT_024,2022-06-19,20.943653,85.241421,35.439,-0.996,0.993,30.123,0.784,119.2,3.4,201.7,230.7,2971.9,0.49,0.02552,37.399,1.961,36.76533333333334,0.1546666666666666,1.2091666666666667,1.0611245229848467,MODERATE
DEMO_SYNTHETIC,PT_024,2022-07-19,20.943653,85.241421,37.399,1.961,2.956,31.789,0.703,119.2,3.4,201.7,237.7,3209.6,0.49,0.02552,36.462,-0.938,36.424,-0.3413333333333334,1.7988333333333335,1.1223726916997006,MODERATE
DEMO_SYNTHETIC,PT_024,2022-08-18,20.943653,85.241421,36.462,-0.938,-2.898,30.992,0.865,119.2,3.4,201.7,268.4,3477.9,0.49,0.02552,35.731,-0.73,36.43333333333333,0.0089999999999999,0.921166666666667,1.3909896602062748,MODERATE
DEMO_SYNTHETIC,PT_024,2022-09-17,20.943653,85.241421,35.731,-0.73,0.208,30.372,0.621,119.2,3.4,201.7,287.9,3765.8,0.49,0.02552,40.73,4.998,36.53066666666667,0.0976666666666666,0.1261666666666669,1.5616095587690826,MODERATE
DEMO_SYNTHETIC,PT_024,2022-10-17,20.943653,85.241421,40.73,4.998,5.728,34.62,0.788,119.2,3.4,201.7,16.0,3781.8,0.49,0.02552,39.56,-1.169,37.641,1.11,0.3843333333333336,-0.8174443088836059,HIGH
DEMO_SYNTHETIC,PT_024,2022-11-16,20.943653,85.241421,39.56,-1.169,-6.167,33.626,0.861,119.2,3.4,201.7,34.2,3816.0,0.49,0.02552,41.535,1.975,38.67366666666667,1.033,0.5210000000000002,-0.6581990702249852,MODERATE
DEMO_SYNTHETIC,PT_024,2022-12-16,20.943653,85.241421,41.535,1.975,3.144,35.305,0.593,119.2,3.4,201.7,48.0,3864.1,0.49,0.02552,48.222,6.687,40.60833333333333,1.9346666666666668,1.0161666666666669,-0.5374526804728444,HIGH
DEMO_SYNTHETIC,PT_024,2023-01-15,20.943653,85.241421,48.222,6.687,4.712,40.989,0.694,119.2,3.4,201.7,73.3,3937.4,0.49,0.02552,49.201,0.98,43.10566666666667,2.4976666666666665,1.8038333333333336,-0.3160842992605862,HIGH
DEMO_SYNTHETIC,PT_024,2023-02-14,20.943653,85.241421,49.201,0.98,-5.707,41.821,0.711,119.2,3.4,201.7,28.3,3965.6,0.49,0.02552,51.606,2.405,46.31933333333333,3.214,2.1235000000000004,-0.7098225267132194,HIGH
DEMO_SYNTHETIC,PT_024,2023-03-16,20.943653,85.241421,51.606,2.405,1.425,43.865,0.846,119.2,3.4,201.7,29.8,3995.4,0.49,0.02552,53.952,2.346,49.67633333333333,3.357333333333333,2.6460000000000004,-0.6966979191314651,HIGH
DEMO_SYNTHETIC,PT_024,2023-04-15,20.943653,85.241421,53.952,2.346,-0.059,45.859,0.739,119.2,3.4,201.7,44.6,4040.0,0.49,0.02552,51.482,-2.47,51.58633333333333,1.910333333333333,2.204,-0.5672017909914877,HIGH
DEMO_SYNTHETIC,PT_024,2023-05-15,20.943653,85.241421,51.482,-2.47,-4.816,43.76,0.6,119.2,3.4,201.7,11.6,4051.6,0.49,0.02552,51.005,-0.477,52.34666666666666,0.7603333333333331,1.987166666666667,-0.8559431577900857,HIGH
DEMO_SYNTHETIC,PT_024,2023-06-14,20.943653,85.241421,51.005,-0.477,1.993,43.354,0.639,119.2,3.4,201.7,275.2,4326.8,0.49,0.02552,48.274,-2.731,52.14633333333334,-0.2003333333333336,1.5785,1.4504878812435618,HIGH
DEMO_SYNTHETIC,PT_024,2023-07-14,20.943653,85.241421,48.274,-2.731,-2.254,41.033,0.738,119.2,3.4,201.7,252.3,4579.1,0.49,0.02552,46.528,-1.746,50.25366666666668,-1.892666666666667,0.0088333333333336,1.2501188721621108,HIGH
DEMO_SYNTHETIC,PT_024,2023-08-13,20.943653,85.241421,46.528,-1.746,0.985,39.549,0.707,119.2,3.4,201.7,335.6,4914.7,0.49,0.02552,50.401,3.872,48.60233333333334,-1.6513333333333335,-0.4454999999999997,1.978972079868874,HIGH
DEMO_SYNTHETIC,PT_024,2023-09-12,20.943653,85.241421,50.401,3.872,5.618,42.841,0.542,119.2,3.4,201.7,293.7,5208.4,0.49,0.02552,50.987,0.586,48.401,-0.2016666666666668,-0.2009999999999996,1.6123580414185332,HIGH
DEMO_SYNTHETIC,PT_024,2023-10-12,20.943653,85.241421,50.987,0.586,-3.286,43.339,0.674,119.2,3.4,201.7,13.0,5221.4,0.49,0.02552,52.816,1.829,49.30533333333333,0.9039999999999996,-0.494333333333333,-0.8436935240471147,HIGH
DEMO_SYNTHETIC,PT_024,2023-11-11,20.943653,85.241421,52.816,1.829,1.242,44.893,0.597,119.2,3.4,201.7,31.2,5252.6,0.49,0.02552,52.816,1.829,51.40133333333333,2.0956666666666663,0.2221666666666669,-0.6844482853884941,HIGH
